Method,Target_Feature,Effect_Size,AUC_Mean,AUC_Std,Delta_AUC,Normalized_Delta,RSD_QC,RSD_Pat,AUC_Raw_Mean,RSD_QC_Raw
EPOCorrector,0,0.01,0.54320987654321,0.158282486480964,0.058641975308642,5.864196944444507,10.23062911909574,14.700595640232311,0.4845679012345679,9.168907954552049
EPOCorrector,1,0.01,0.5370370370370371,0.1624993405072615,0.0493827160493828,4.938271111111171,22.91369758523992,22.095265046252777,0.4876543209876542,33.77667483416764
EPOCorrector,2,0.01,0.5555555555555556,0.1475683097269373,0.0061728395061728,0.6172838888888978,0.9577971297451172,2.6324420483851574,0.5493827160493827,11.816788244580854
EPOCorrector,3,0.01,0.5617283950617284,0.1485975693482805,0.0802469135802468,8.024690555555633,13.66575750207426,18.48723754593024,0.4814814814814815,14.581531813810592
EPOCorrector,4,0.01,0.5524691358024691,0.2243128680321805,0.0216049382716049,2.1604936111111317,8.569824967236688,11.943039756943037,0.5308641975308642,8.4158085563581
EPOCorrector,5,0.01,0.54320987654321,0.1641325407445473,0.0524691358024692,5.246913055555615,8.580177566088631,13.764691756548544,0.4907407407407407,18.62026229816613
EPOCorrector,6,0.01,0.5432098765432098,0.1476328486802641,0.058641975308642,5.864196944444507,13.544543018577052,18.75879520448709,0.4845679012345678,34.90798298314577
EPOCorrector,7,0.01,0.4938271604938272,0.124761623033381,1.1102230246251563e-16,1.1102229136028652e-14,10.716705486690422,13.93769279863448,0.4938271604938271,30.51096333344792
EPOCorrector,8,0.01,0.5524691358024691,0.1595413331274084,0.0740740740740741,7.407406666666746,6.319012350425171,12.48488588658397,0.478395061728395,25.9828561574089
EPOCorrector,9,0.01,0.5401234567901235,0.1641325407445473,0.0555555555555556,5.555555000000069,13.385478963892943,23.001151391338848,0.4845679012345678,26.47473479327075
EPOCorrector,10,0.01,0.6543209876543209,0.1493648596612699,0.1049382716049381,10.493826111111208,5.247012316373255,14.27649709947942,0.5493827160493827,15.588235109929796
EPOCorrector,11,0.01,0.5339506172839507,0.1542592469086395,0.0524691358024692,5.246913055555615,9.251360091285427,14.566600888318767,0.4814814814814814,40.44292499063709
EPOCorrector,12,0.01,0.5308641975308642,0.1512660587017635,0.0339506172839506,3.395061388888927,7.044223511652296,14.9743165391086,0.4969135802469135,19.679643475519555
EPOCorrector,13,0.01,0.558641975308642,0.1606124917439221,0.0524691358024691,5.246913055555609,23.64840902995032,33.70993869250725,0.5061728395061729,39.63121784075345
EPOCorrector,14,0.01,0.5339506172839507,0.1685987689351563,0.0524691358024692,5.246913055555615,6.204691258357426,13.746371784442754,0.4814814814814814,28.42816200644789
EPOCorrector,15,0.01,0.5493827160493827,0.1503184649615546,0.0648148148148148,6.481480833333405,10.84915567050158,16.83600495022779,0.4845679012345678,30.48030659946083
EPOCorrector,16,0.01,0.5462962962962963,0.1571348402636772,0.0493827160493827,4.938271111111166,13.520474725890791,21.78888612139408,0.4969135802469135,35.6406719934226
EPOCorrector,17,0.01,0.5277777777777778,0.1893060027801933,0.0432098765432099,4.320987222222274,1.1078419406705315,2.532152429530315,0.4845679012345678,23.1023523310738
EPOCorrector,18,0.01,0.5401234567901235,0.1476328486802642,0.0401234567901236,4.012345277777836,34.449062653993025,48.70049275731581,0.4999999999999999,51.931989871637775
EPOCorrector,19,0.01,0.5462962962962963,0.1571348402636772,0.0679012345679012,6.790122777777849,37.81474135203175,51.268103288801306,0.478395061728395,61.38349961491213
EPOCorrector,20,0.01,0.5648148148148149,0.160908770342433,0.0679012345679013,6.790122777777854,5.7058890967848646,14.910282773219455,0.4969135802469135,23.27253935146643
EPOCorrector,21,0.01,0.558641975308642,0.1653468547651712,0.0586419753086421,5.864196944444518,18.341372158958404,20.77087143057439,0.4999999999999999,57.02746217125432
EPOCorrector,22,0.01,0.5555555555555556,0.1464017435263138,0.0339506172839506,3.395061388888927,12.787870292905938,19.573801635141173,0.5216049382716049,23.062041349470636
EPOCorrector,23,0.01,0.54320987654321,0.1555506563994339,0.0524691358024692,5.246913055555621,38.02796005535555,52.769837517005,0.4907407407407407,39.89587676082198
EPOCorrector,24,0.01,0.54320987654321,0.1476328486802641,0.0586419753086421,5.864196944444518,8.127532967327049,16.167146444273843,0.4845679012345678,28.89041707997307
EPOCorrector,25,0.01,0.5401234567901235,0.1636093614901058,0.058641975308642,5.864196944444513,14.857730782656892,17.875736800779656,0.4814814814814814,33.99107814630658
EPOCorrector,26,0.01,0.5740740740740742,0.1656346649999844,0.0648148148148149,6.481480833333416,21.55905590582016,29.72241703613488,0.5092592592592592,36.07572107612504
EPOCorrector,27,0.01,0.54320987654321,0.1476328486802641,0.0586419753086421,5.864196944444518,39.97693101639083,54.11295177248364,0.4845679012345678,59.97262674574255
EPOCorrector,28,0.01,0.5462962962962963,0.1635511271542194,0.0617283950617284,6.172838888888956,33.864507201579606,41.4928021585942,0.4845679012345678,56.45687201244765
EPOCorrector,29,0.01,0.5308641975308643,0.1305814555636184,0.0462962962962965,4.629629166666733,30.161529833886195,30.31697855633439,0.4845679012345678,49.61038194674126
EPOCorrector,30,0.01,0.5493827160493827,0.1491734070814144,0.0679012345679012,6.790122777777849,72.33493182310056,75.83464088512488,0.4814814814814814,128.8599398887483
EPOCorrector,0,0.013,0.5401234567901235,0.1555506563994339,0.0246913580246913,1.8993350865658671,10.23062911909574,14.712589428993123,0.5154320987654322,9.168907954552049
EPOCorrector,1,0.013,0.54320987654321,0.1641325407445473,0.0648148148148149,4.985754602235411,22.91369758523992,22.08892523088501,0.478395061728395,33.77667483416764
EPOCorrector,2,0.013,0.5771604938271605,0.1548140272096846,0.0277777777777776,2.136751972386593,0.9577971297451172,2.641714363976124,0.5493827160493828,11.816788244580854
EPOCorrector,3,0.013,0.5709876543209877,0.1493648596612699,0.0864197530864198,6.647672802980539,13.66575750207426,18.515577156664875,0.4845679012345679,14.581531813810592
EPOCorrector,4,0.013,0.5555555555555556,0.2202847639513022,0.0,0.0,8.569824967236688,11.98412866998844,0.5555555555555556,8.4158085563581
EPOCorrector,5,0.013,0.5493827160493827,0.1570135474318136,0.0586419753086419,4.510920830593934,8.580177566088631,13.767982771377188,0.4907407407407407,18.62026229816613
EPOCorrector,6,0.013,0.5524691358024693,0.1478262964793586,0.0679012345679014,5.223171488056149,13.544543018577052,18.783303357235383,0.4845679012345678,34.90798298314577
EPOCorrector,7,0.013,0.4876543209876544,0.1598991832961558,-0.0061728395061728,-0.4748337716414646,10.716705486690422,13.94006614936128,0.4938271604938272,30.51096333344792
EPOCorrector,8,0.013,0.558641975308642,0.1637839402644642,0.0833333333333333,6.410255917159804,6.319012350425171,12.512322106208767,0.4753086419753086,25.9828561574089
EPOCorrector,9,0.013,0.5462962962962963,0.161970885967925,0.0709876543209876,5.460588373876867,13.385478963892943,23.01739836884195,0.4753086419753086,26.47473479327075
EPOCorrector,10,0.013,0.6759259259259259,0.1416394309331329,0.1111111111111111,8.547007889546407,5.247012316373255,14.346997498414597,0.5648148148148148,15.588235109929796
EPOCorrector,11,0.013,0.5462962962962963,0.1666666666666666,0.0679012345679012,5.223171488056137,9.251360091285427,14.568600507558612,0.478395061728395,40.44292499063709
EPOCorrector,12,0.013,0.5401234567901235,0.1441063892583796,0.0555555555555556,4.273503944773212,7.044223511652296,14.968484366762429,0.4845679012345678,19.679643475519555
EPOCorrector,13,0.013,0.558641975308642,0.1606124917439221,0.0524691358024691,4.036087058952469,23.64840902995032,33.71850158624555,0.5061728395061729,39.63121784075345
EPOCorrector,14,0.013,0.5277777777777778,0.156039810614377,0.0462962962962963,3.561253287311004,6.204691258357426,13.745018509136614,0.4814814814814814,28.42816200644789
EPOCorrector,15,0.013,0.5493827160493827,0.1503184649615546,0.0648148148148148,4.985754602235407,10.84915567050158,16.861889088427247,0.4845679012345678,30.48030659946083
EPOCorrector,16,0.013,0.5555555555555556,0.1635511271542193,0.058641975308642,4.510920830593942,13.520474725890791,21.825152564142822,0.4969135802469135,35.6406719934226
EPOCorrector,17,0.013,0.5339506172839507,0.1910092400835284,0.0493827160493828,3.798670173131743,1.1078419406705315,2.539724969646717,0.4845679012345678,23.1023523310738
EPOCorrector,18,0.013,0.54320987654321,0.1452913863696274,0.0524691358024692,4.036087058952477,34.449062653993025,48.73676827986191,0.4907407407407407,51.931989871637775
EPOCorrector,19,0.013,0.5462962962962963,0.1571348402636772,0.0617283950617284,4.748337716414672,37.81474135203175,51.26896912097531,0.4845679012345678,61.38349961491213
EPOCorrector,20,0.013,0.5709876543209877,0.1636093614901058,0.0709876543209877,5.460588373876876,5.7058890967848646,14.951578667772294,0.5,23.27253935146643
EPOCorrector,21,0.013,0.5617283950617283,0.1675786661789904,0.0586419753086419,4.510920830593929,18.341372158958404,20.817629259926143,0.5030864197530864,57.02746217125432
EPOCorrector,22,0.013,0.5617283950617283,0.1474391470678541,0.037037037037037,2.8490026298488047,12.787870292905938,19.585208765142067,0.5246913580246912,23.062041349470636
EPOCorrector,23,0.013,0.54320987654321,0.1555506563994339,0.0493827160493828,3.798670173131747,38.02796005535555,52.7674188788988,0.4938271604938271,39.89587676082198
EPOCorrector,24,0.013,0.5462962962962963,0.1532680125671004,0.058641975308642,4.510920830593937,8.127532967327049,16.182704640439106,0.4876543209876542,28.89041707997307
EPOCorrector,25,0.013,0.5524691358024691,0.1600778083937029,0.0709876543209876,5.460588373876871,14.857730782656892,17.872013810561942,0.4814814814814814,33.99107814630658
EPOCorrector,26,0.013,0.5740740740740741,0.1640744920987903,0.0679012345679012,5.223171488056132,21.55905590582016,29.779618853887172,0.5061728395061729,36.07572107612504
EPOCorrector,27,0.013,0.5462962962962963,0.1504451556414066,0.0617283950617284,4.748337716414672,39.97693101639083,54.10926920866288,0.4845679012345678,59.97262674574255
EPOCorrector,28,0.013,0.5493827160493827,0.1591826784966373,0.0617283950617284,4.748337716414672,33.864507201579606,41.476357216372186,0.4876543209876542,56.45687201244765
EPOCorrector,29,0.013,0.5308641975308643,0.1305814555636184,0.04320987654321,3.3238364014902824,30.161529833886195,30.290631132029134,0.4876543209876542,49.61038194674126
EPOCorrector,30,0.013,0.5524691358024691,0.1484051269156951,0.0709876543209876,5.460588373876871,72.33493182310056,75.84915169300083,0.4814814814814814,128.8599398887483
EPOCorrector,0,0.0169,0.5462962962962963,0.1571348402636772,0.0154320987654319,0.9131418847508912,10.23062911909574,14.735721872194068,0.5308641975308643,9.168907954552049
EPOCorrector,1,0.0169,0.5493827160493827,0.1639583331517707,0.0771604938271605,4.565709423754503,22.91369758523992,22.08492809566157,0.4722222222222222,33.77667483416764
EPOCorrector,2,0.0169,0.5987654320987654,0.1620296882519344,0.0246913580246913,1.4610270156014404,0.9577971297451172,2.655785384828366,0.5740740740740741,11.816788244580854
EPOCorrector,3,0.0169,0.5771604938271606,0.143907941072528,0.0771604938271605,4.565709423754503,13.66575750207426,18.559186099092404,0.5000000000000001,14.581531813810592
EPOCorrector,4,0.0169,0.5771604938271604,0.2178496424076703,-0.0246913580246913,-1.4610270156014404,8.569824967236688,12.043757258770007,0.6018518518518517,8.4158085563581
EPOCorrector,5,0.0169,0.5493827160493827,0.1597203584313038,0.0524691358024691,3.104682408153062,8.580177566088631,13.782040707367166,0.4969135802469135,18.62026229816613
EPOCorrector,6,0.0169,0.5617283950617283,0.1503184649615546,0.0771604938271605,4.565709423754503,13.544543018577052,18.82313494014636,0.4845679012345678,34.90798298314577
EPOCorrector,7,0.0169,0.5030864197530864,0.1495560671553792,0.0061728395061728,0.3652567539003618,10.716705486690422,13.944401710485632,0.4969135802469135,30.51096333344792
EPOCorrector,8,0.0169,0.5679012345679013,0.1630845038718877,0.0833333333333334,4.930966177654871,6.319012350425171,12.55927285317679,0.4845679012345678,25.9828561574089
EPOCorrector,9,0.0169,0.5524691358024691,0.1606124917439221,0.0771604938271605,4.565709423754503,13.385478963892943,23.044337634079177,0.4753086419753086,26.47473479327075
EPOCorrector,10,0.0169,0.6820987654320987,0.1441063892583796,0.0987654320987653,5.844108062405756,5.247012316373255,14.444307826255628,0.5833333333333334,15.588235109929796
EPOCorrector,11,0.0169,0.558641975308642,0.1694441633495161,0.0802469135802469,4.748337800704687,9.251360091285427,14.580199127583976,0.478395061728395,40.44292499063709
EPOCorrector,12,0.0169,0.54320987654321,0.1510770154385236,0.0555555555555556,3.2873107851032493,7.044223511652296,14.970009291333744,0.4876543209876542,19.679643475519555
EPOCorrector,13,0.0169,0.5555555555555556,0.1571348402636772,0.0462962962962962,2.7394256542527,23.64840902995032,33.73381159812644,0.5092592592592593,39.63121784075345
EPOCorrector,14,0.0169,0.5401234567901235,0.1630845038718877,0.0555555555555556,3.2873107851032493,6.204691258357426,13.753334055447445,0.4845679012345678,28.42816200644789
EPOCorrector,15,0.0169,0.5524691358024691,0.1484051269156951,0.0679012345679013,4.017824292903966,10.84915567050158,16.90351299480681,0.4845679012345678,30.48030659946083
EPOCorrector,16,0.0169,0.5555555555555555,0.156039810614377,0.0617283950617283,3.652567539003601,13.520474725890791,21.87905678154352,0.4938271604938271,35.6406719934226
EPOCorrector,17,0.0169,0.5524691358024691,0.1724532721567777,0.058641975308642,3.469939162053427,1.1078419406705315,2.5519355154667847,0.4938271604938271,23.1023523310738
EPOCorrector,18,0.0169,0.5462962962962963,0.1515806068865268,0.0524691358024692,3.104682408153065,34.449062653993025,48.7866083145345,0.4938271604938271,51.931989871637775
EPOCorrector,19,0.0169,0.5493827160493827,0.1591826784966373,0.0617283950617284,3.652567539003604,37.81474135203175,51.27154182168005,0.4876543209876542,61.38349961491213
EPOCorrector,20,0.0169,0.5679012345679012,0.1593621067089578,0.0740740740740741,4.383081046804325,5.7058890967848646,15.014080506851345,0.4938271604938271,23.27253935146643
EPOCorrector,21,0.0169,0.5740740740740741,0.1538263678318162,0.0709876543209876,4.2004526698541405,18.341372158958404,20.88626282903883,0.5030864197530864,57.02746217125432
EPOCorrector,22,0.0169,0.5462962962962963,0.1481481481481481,0.0185185185185184,1.0957702617010787,12.787870292905938,19.60687389144046,0.5277777777777778,23.062041349470636
EPOCorrector,23,0.0169,0.54320987654321,0.1555506563994339,0.0555555555555556,3.2873107851032493,38.02796005535555,52.76682609687268,0.4876543209876542,39.89587676082198
EPOCorrector,24,0.0169,0.5524691358024691,0.1611454010148964,0.0555555555555555,3.2873107851032426,8.127532967327049,16.211637794198268,0.4969135802469135,28.89041707997307
EPOCorrector,25,0.0169,0.5462962962962963,0.1692191378008987,0.0617283950617284,3.652567539003604,14.857730782656892,17.875524953633462,0.4845679012345678,33.99107814630658
EPOCorrector,26,0.0169,0.5740740740740741,0.1671802785672943,0.0493827160493828,2.9220540312028875,21.55905590582016,29.85863591228509,0.5246913580246912,36.07572107612504
EPOCorrector,27,0.0169,0.5493827160493827,0.1559176659298159,0.0648148148148148,3.8351959159537854,39.97693101639083,54.10710427683766,0.4845679012345678,59.97262674574255
EPOCorrector,28,0.0169,0.5493827160493827,0.1591826784966373,0.0555555555555556,3.287310785103246,33.864507201579606,41.45808988119168,0.4938271604938271,56.45687201244765
EPOCorrector,29,0.0169,0.5277777777777779,0.13733700902029,0.0401234567901236,2.3741689003523514,30.161529833886195,30.261157861894528,0.4876543209876542,49.61038194674126
EPOCorrector,30,0.0169,0.558641975308642,0.1540738762265269,0.0771604938271605,4.565709423754505,72.33493182310056,75.86874502120033,0.4814814814814814,128.8599398887483
EPOCorrector,0,0.022,0.5524691358024691,0.1595413331274084,-0.0061728395061728,-0.2805836011631484,10.23062911909574,14.778612547580124,0.558641975308642,9.168907954552049
EPOCorrector,1,0.022,0.5524691358024691,0.1551827788885992,0.0771604938271605,3.507295014539341,22.91369758523992,22.086859689049245,0.4753086419753086,33.77667483416764
EPOCorrector,2,0.022,0.6111111111111112,0.1707323047646831,0.0185185185185184,0.8417508034894403,0.9577971297451172,2.677528269574139,0.5925925925925927,11.816788244580854
EPOCorrector,3,0.022,0.5771604938271605,0.1474391470678541,0.067901234567901,3.086419612794613,13.66575750207426,18.627525175477093,0.5092592592592594,14.581531813810592
EPOCorrector,4,0.022,0.5987654320987654,0.2119990711243753,-0.0277777777777777,-1.262626205234163,8.569824967236688,12.132032870790646,0.6265432098765432,8.4158085563581
EPOCorrector,5,0.022,0.5555555555555556,0.1645961929132516,0.0462962962962963,2.1043770087236084,8.580177566088631,13.816846831447908,0.5092592592592592,18.62026229816613
EPOCorrector,6,0.022,0.5709876543209877,0.1571954515832943,0.0771604938271606,3.5072950145393484,13.544543018577052,18.88856183886981,0.4938271604938271,34.90798298314577
EPOCorrector,7,0.022,0.4845679012345678,0.1392656070701046,0.0,0.0,10.716705486690422,13.952175941308958,0.4845679012345678,30.51096333344792
EPOCorrector,8,0.022,0.5864197530864198,0.1632596438942987,0.1018518518518518,4.62962941919193,6.319012350425171,12.639456663030202,0.4845679012345679,25.9828561574089
EPOCorrector,9,0.022,0.5617283950617283,0.1474391470678541,0.0802469135802468,3.647586815120913,13.385478963892943,23.0893340860964,0.4814814814814814,26.47473479327075
EPOCorrector,10,0.022,0.6882716049382717,0.135310556893722,0.0802469135802469,3.6475868151209143,5.247012316373255,14.580878639041584,0.6080246913580247,15.588235109929796
EPOCorrector,11,0.022,0.5617283950617283,0.1701174540681564,0.0833333333333333,3.787878615702487,9.251360091285427,14.61049341287369,0.478395061728395,40.44292499063709
EPOCorrector,12,0.022,0.5462962962962963,0.1487257259648982,0.0493827160493827,2.24466880930518,7.044223511652296,14.987342721253588,0.4969135802469135,19.679643475519555
EPOCorrector,13,0.022,0.5524691358024691,0.1557342692783069,0.0401234567901234,1.823793407560455,23.64840902995032,33.76085865303485,0.5123456790123457,39.63121784075345
EPOCorrector,14,0.022,0.5617283950617283,0.1581018330230333,0.0802469135802468,3.647586815120913,6.204691258357426,13.78115321156789,0.4814814814814814,28.42816200644789
EPOCorrector,15,0.022,0.5740740740740742,0.1702294102856503,0.0833333333333334,3.7878786157024944,10.84915567050158,16.971275857197416,0.4907407407407407,30.48030659946083
EPOCorrector,16,0.022,0.5524691358024691,0.155734269278307,0.0555555555555556,2.5252524104683287,13.520474725890791,21.96084061937823,0.4969135802469135,35.6406719934226
EPOCorrector,17,0.022,0.5895061728395061,0.1750846247368251,0.0833333333333332,3.787878615702484,1.1078419406705315,2.5718305176808043,0.5061728395061729,23.1023523310738
EPOCorrector,18,0.022,0.5493827160493827,0.1531436571611762,0.0524691358024691,2.384960609886752,34.449062653993025,48.85627900583464,0.4969135802469135,51.931989871637775
EPOCorrector,19,0.022,0.5524691358024691,0.1606124917439221,0.0617283950617283,2.805836011631472,37.81474135203175,51.277344226696144,0.4907407407407407,61.38349961491213
EPOCorrector,20,0.022,0.6049382716049384,0.1629091755604524,0.0833333333333335,3.7878786157024993,5.7058890967848646,15.110469077387808,0.5216049382716048,23.27253935146643
EPOCorrector,21,0.022,0.5802469135802469,0.157920972906988,0.074074074074074,3.3670032139577666,18.341372158958404,20.98909522210735,0.5061728395061729,57.02746217125432
EPOCorrector,22,0.022,0.5524691358024691,0.1400840212087681,0.015432098765432,0.7014590029078661,12.787870292905938,19.646681255945108,0.5370370370370371,23.062041349470636
EPOCorrector,23,0.022,0.558641975308642,0.1648275299113418,0.0679012345679013,3.086419612794623,38.02796005535555,52.77034961455323,0.4907407407407407,39.89587676082198
EPOCorrector,24,0.022,0.5524691358024691,0.1506982174781938,0.0524691358024691,2.384960609886752,8.127532967327049,16.264063052384685,0.5,28.89041707997307
EPOCorrector,25,0.022,0.5493827160493827,0.1711224231559149,0.0555555555555555,2.5252524104683234,14.857730782656892,17.89418290939796,0.4938271604938272,33.99107814630658
EPOCorrector,26,0.022,0.580246913580247,0.1616765537494913,0.0432098765432099,1.964085208142034,21.55905590582016,29.96973162915545,0.5370370370370371,36.07572107612504
EPOCorrector,27,0.022,0.5524691358024691,0.1616765537494913,0.058641975308642,2.665544211049903,39.97693101639083,54.10869302139899,0.4938271604938271,59.97262674574255
EPOCorrector,28,0.022,0.5493827160493827,0.1591826784966373,0.0493827160493828,2.2446688093051828,33.864507201579606,41.43945580473298,0.4999999999999999,56.45687201244765
EPOCorrector,29,0.022,0.5308641975308642,0.1406947076548331,0.0308641975308642,1.4029180058157371,30.161529833886195,30.23069754054543,0.5,49.61038194674126
EPOCorrector,30,0.022,0.5524691358024691,0.1551827788885992,0.0709876543209876,3.226711413376195,72.33493182310056,75.89559381770789,0.4814814814814814,128.8599398887483
EPOCorrector,0,0.0287,0.5740740740740742,0.1635511271542194,-0.0308641975308641,-1.075407542001971,10.23062911909574,14.856181601348304,0.6049382716049383,9.168907954552049
EPOCorrector,1,0.0287,0.5493827160493827,0.1537024641727004,0.0679012345679012,2.365896592404344,22.91369758523992,22.101532956367308,0.4814814814814814,33.77667483416764
EPOCorrector,2,0.0287,0.6666666666666666,0.1565882826415533,0.037037037037037,1.2904890504023707,0.9577971297451172,2.7116139214156725,0.6296296296296295,11.816788244580854
EPOCorrector,3,0.0287,0.5956790123456791,0.1367809864577798,0.0524691358024691,1.8281928214033565,13.66575750207426,18.73623864858108,0.54320987654321,14.581531813810592
EPOCorrector,4,0.0287,0.6234567901234569,0.1994983038418804,-0.0555555555555554,-1.9357335756035503,8.569824967236688,12.265045554567306,0.6790123456790124,8.4158085563581
EPOCorrector,5,0.0287,0.5648148148148148,0.1800205749557739,0.0493827160493826,1.720652067203155,8.580177566088631,13.890178218232997,0.5154320987654322,18.62026229816613
EPOCorrector,6,0.0287,0.5771604938271605,0.1639583331517707,0.0709876543209876,2.47343734660454,13.544543018577052,18.996870538992813,0.5061728395061729,34.90798298314577
EPOCorrector,7,0.0287,0.4753086419753086,0.146076044027151,-0.0061728395061728,-0.2150815084003938,10.716705486690422,13.9659509948599,0.4814814814814814,30.51096333344792
EPOCorrector,8,0.0287,0.6018518518518519,0.1671802785672943,0.1049382716049383,3.656385642806713,6.319012350425171,12.775993179047504,0.4969135802469135,25.9828561574089
EPOCorrector,9,0.0287,0.5648148148148149,0.1398117488013101,0.0740740740740741,2.580978100804741,13.385478963892943,23.164902161855917,0.4907407407407407,26.47473479327075
EPOCorrector,10,0.0287,0.7098765432098765,0.1193770346037883,0.0740740740740739,2.580978100804734,5.247012316373255,14.775587259419703,0.6358024691358025,15.588235109929796
EPOCorrector,11,0.0287,0.5709876543209877,0.18196793793807,0.0864197530864198,3.011141117605529,9.251360091285427,14.675765184449846,0.4845679012345679,40.44292499063709
EPOCorrector,12,0.0287,0.5617283950617284,0.1525828036334355,0.0586419753086419,2.043274329803748,7.044223511652296,15.03601569162527,0.5030864197530865,19.679643475519555
EPOCorrector,13,0.0287,0.558641975308642,0.1506982174781938,0.0432098765432098,1.5055705588027626,23.64840902995032,33.808260811457785,0.5154320987654322,39.63121784075345
EPOCorrector,14,0.0287,0.5709876543209877,0.1651739279044402,0.0833333333333334,2.903600363405335,6.204691258357426,13.846238954709,0.4876543209876542,28.42816200644789
EPOCorrector,15,0.0287,0.580246913580247,0.1658645536116593,0.0802469135802471,2.796059609205141,10.84915567050158,17.082604607363923,0.4999999999999999,30.48030659946083
EPOCorrector,16,0.0287,0.5709876543209876,0.1549985127097496,0.0679012345679012,2.365896592404342,13.520474725890791,22.087186647602937,0.5030864197530864,35.6406719934226
EPOCorrector,17,0.0287,0.6666666666666666,0.1630260820523982,0.1574074074074074,5.484578464210069,1.1078419406705315,2.604463012696915,0.5092592592592592,23.1023523310738
EPOCorrector,18,0.0287,0.5462962962962963,0.1571348402636772,0.0493827160493827,1.7206520672031604,34.449062653993025,48.955371479577295,0.4969135802469135,51.931989871637775
EPOCorrector,19,0.0287,0.5462962962962963,0.1571348402636772,0.0493827160493827,1.7206520672031584,37.81474135203175,51.28909852328539,0.4969135802469135,61.38349961491213
EPOCorrector,20,0.0287,0.6234567901234568,0.1824384778534771,0.074074074074074,2.580978100804738,5.7058890967848646,15.261419756354602,0.5493827160493827,23.27253935146643
EPOCorrector,21,0.0287,0.6018518518518519,0.1692191378008987,0.095679012345679,3.333763380206119,18.341372158958404,21.145999803807687,0.5061728395061729,57.02746217125432
EPOCorrector,22,0.0287,0.558641975308642,0.1448974641272284,0.021604938271605,0.7527852794013852,12.787870292905938,19.71829792397237,0.537037037037037,23.062041349470636
EPOCorrector,23,0.0287,0.5617283950617283,0.163434596233009,0.0679012345679012,2.365896592404344,38.02796005535555,52.78226155657016,0.4938271604938271,39.89587676082198
EPOCorrector,24,0.0287,0.5617283950617284,0.1390602509391211,0.058641975308642,2.043274329803752,8.127532967327049,16.357410493225398,0.5030864197530864,28.89041707997307
EPOCorrector,25,0.0287,0.5277777777777778,0.1687117329471166,0.0432098765432099,1.5055705588027666,14.857730782656892,17.94246477065227,0.4845679012345678,33.99107814630658
EPOCorrector,26,0.0287,0.595679012345679,0.1662087903436575,0.0493827160493827,1.7206520672031584,21.55905590582016,30.128661121544404,0.5462962962962963,36.07572107612504
EPOCorrector,27,0.0287,0.5493827160493827,0.1591826784966373,0.0555555555555556,1.935733575603556,39.97693101639083,54.11827206115309,0.4938271604938271,59.97262674574255
EPOCorrector,28,0.0287,0.5555555555555556,0.1676923173729151,0.0524691358024691,1.8281928214033565,33.864507201579606,41.42390378872212,0.5030864197530864,56.45687201244765
EPOCorrector,29,0.0287,0.5216049382716049,0.1353105568937221,0.0246913580246913,0.8603260336015792,30.161529833886195,30.20443471592292,0.4969135802469135,49.61038194674126
EPOCorrector,30,0.0287,0.5462962962962963,0.1532680125671004,0.0648148148148148,2.258355838204146,72.33493182310056,75.93294063423511,0.4814814814814814,128.8599398887483
EPOCorrector,0,0.0373,0.6080246913580248,0.1709553385694596,-0.0277777777777776,-0.744712520993704,10.23062911909574,14.989750887865895,0.6358024691358025,9.168907954552049
EPOCorrector,1,0.0373,0.5493827160493827,0.1474391470678541,0.0524691358024692,1.4066792063214475,22.91369758523992,22.140114475297302,0.4969135802469135,33.77667483416764
EPOCorrector,2,0.0373,0.7098765432098766,0.1441063892583796,0.0277777777777777,0.744712520993707,0.9577971297451172,2.764015583570628,0.6820987654320988,11.816788244580854
EPOCorrector,3,0.0373,0.6172839506172839,0.1433109477314061,0.0401234567901234,1.075695863657575,13.66575750207426,18.90603744321929,0.5771604938271605,14.581531813810592
EPOCorrector,4,0.0373,0.6759259259259259,0.1800205749557739,-0.0339506172839506,-0.9102041923256424,8.569824967236688,12.462577540542412,0.7098765432098766,8.4158085563581
EPOCorrector,5,0.0373,0.601851851851852,0.1942238607722503,0.0617283950617284,1.6549167133193494,8.580177566088631,14.02852678115536,0.5401234567901235,18.62026229816613
EPOCorrector,6,0.0373,0.6018518518518517,0.1865689044408322,0.0987654320987654,2.6478667413109567,13.544543018577052,19.171654653439774,0.5030864197530863,34.90798298314577
EPOCorrector,7,0.0373,0.4629629629629629,0.1039349274103872,-0.0246913580246913,-0.6619666853277392,10.716705486690422,13.9894220263015,0.4876543209876542,30.51096333344792
EPOCorrector,8,0.0373,0.6234567901234569,0.1838428717510547,0.1049382716049384,2.8133584126428954,6.319012350425171,13.000369012941007,0.5185185185185185,25.9828561574089
EPOCorrector,9,0.0373,0.5771604938271605,0.142109437447177,0.0679012345679012,1.820408384651282,13.385478963892943,23.28843871256236,0.5092592592592593,26.47473479327075
EPOCorrector,10,0.0373,0.7469135802469136,0.12658084354574,0.074074074074074,1.9859000559832176,5.247012316373255,15.049324016124007,0.6728395061728395,15.588235109929796
EPOCorrector,11,0.0373,0.5895061728395062,0.1665523155954573,0.0956790123456791,2.565120905644993,9.251360091285427,14.800482632788595,0.4938271604938271,40.44292499063709
EPOCorrector,12,0.0373,0.5709876543209877,0.1598991832961558,0.0339506172839506,0.9102041923256424,7.044223511652296,15.140263969867036,0.5370370370370371,19.679643475519555
EPOCorrector,13,0.0373,0.5771604938271605,0.1427114570579863,0.0524691358024691,1.4066792063214462,23.64840902995032,33.888341927504925,0.5246913580246914,39.63121784075345
EPOCorrector,14,0.0373,0.5925925925925926,0.1469861839480328,0.1080246913580246,2.8961042483088573,6.204691258357426,13.975604527891027,0.4845679012345679,28.42816200644789
EPOCorrector,15,0.0373,0.5833333333333335,0.1707323047646831,0.0709876543209878,1.903154220317256,10.84915567050158,17.261099548826706,0.5123456790123456,30.48030659946083
EPOCorrector,16,0.0373,0.5740740740740741,0.1498742042244319,0.0555555555555554,1.4894250419874109,13.520474725890791,22.279584873414866,0.5185185185185186,35.6406719934226
EPOCorrector,17,0.0373,0.7067901234567902,0.1682594218572717,0.1666666666666666,4.468275125962239,1.1078419406705315,2.6565277953335418,0.5401234567901235,23.1023523310738
EPOCorrector,18,0.0373,0.5462962962962963,0.1554894039235802,0.0555555555555555,1.4894250419874124,34.449062653993025,49.09476819766268,0.4907407407407407,51.931989871637775
EPOCorrector,19,0.0373,0.5462962962962963,0.1571348402636772,0.037037037037037,0.9929500279916104,37.81474135203175,51.310915806705246,0.5092592592592592,61.38349961491213
EPOCorrector,20,0.0373,0.654320987654321,0.1810231888717923,0.0833333333333332,2.2341375629811178,5.7058890967848646,15.49354413414247,0.5709876543209877,23.27253935146643
EPOCorrector,21,0.0373,0.6296296296296297,0.1785861252035732,0.1049382716049383,2.8133584126428923,18.341372158958404,21.382074755256404,0.5246913580246914,57.02746217125432
EPOCorrector,22,0.0373,0.5709876543209877,0.1417066701635679,0.0246913580246914,0.6619666853277422,12.787870292905938,19.841334285078418,0.5462962962962963,23.062041349470636
EPOCorrector,23,0.0373,0.5648148148148149,0.1661514670826515,0.0586419753086421,1.5721708776533847,38.02796005535555,52.80940753211023,0.5061728395061728,39.89587676082198
EPOCorrector,24,0.0373,0.5833333333333334,0.1379598557939939,0.0648148148148147,1.7376625489853144,8.127532967327049,16.51639316560079,0.5185185185185186,28.89041707997307
EPOCorrector,25,0.0373,0.5308641975308642,0.1797557997353214,0.037037037037037,0.9929500279916088,14.857730782656892,18.04285977961968,0.4938271604938272,33.99107814630658
EPOCorrector,26,0.0373,0.6141975308641975,0.1787993624439535,0.0617283950617284,1.6549167133193494,21.55905590582016,30.353398869428418,0.552469135802469,36.07572107612504
EPOCorrector,27,0.0373,0.5493827160493827,0.1591826784966373,0.0432098765432098,1.158441699323543,39.97693101639083,54.14277179042836,0.5061728395061729,59.97262674574255
EPOCorrector,28,0.0373,0.5493827160493827,0.1670662790459797,0.0401234567901234,1.075695863657575,33.864507201579606,41.4185291425476,0.5092592592592593,56.45687201244765
EPOCorrector,29,0.0373,0.5123456790123457,0.1367809864577798,0.0061728395061728,0.1654916713319355,30.161529833886195,30.19322357985833,0.5061728395061729,49.61038194674126
EPOCorrector,30,0.0373,0.5493827160493827,0.1581018330230333,0.0555555555555556,1.489425041987415,72.33493182310056,75.98425059308582,0.4938271604938271,128.8599398887483
EPOCorrector,0,0.0486,0.6358024691358025,0.1754107683750965,-0.0370370370370369,-0.7620789356987252,10.23062911909574,15.22012717589654,0.6728395061728395,9.168907954552049
EPOCorrector,1,0.0486,0.5740740740740742,0.1469861839480328,0.0617283950617285,1.2701315594978808,22.91369758523992,22.22347586123555,0.5123456790123456,33.77667483416764
EPOCorrector,2,0.0486,0.7716049382716049,0.1240725385323567,0.0185185185185184,0.3810394678493626,0.9577971297451172,2.846399134754546,0.7530864197530864,11.816788244580854
EPOCorrector,3,0.0486,0.6265432098765432,0.1452913863696273,-0.0061728395061728,-0.1270131559497883,13.66575750207426,19.17789826169979,0.6327160493827161,14.581531813810592
EPOCorrector,4,0.0486,0.7253086419753086,0.154073876226527,-0.037037037037037,-0.7620789356987275,8.569824967236688,12.764349324886917,0.7623456790123457,8.4158085563581
EPOCorrector,5,0.0486,0.6419753086419753,0.1881450698040515,0.074074074074074,1.5241578713974528,8.580177566088631,14.281452238082936,0.5679012345679012,18.62026229816613
EPOCorrector,6,0.0486,0.6234567901234568,0.1875365127279421,0.095679012345679,1.9687039172217096,13.544543018577052,19.458968386398837,0.5277777777777778,34.90798298314577
EPOCorrector,7,0.0486,0.4537037037037036,0.0897718492114135,-0.0308641975308641,-0.6350657797489381,10.716705486690422,14.029844385533316,0.4845679012345678,30.51096333344792
EPOCorrector,8,0.0486,0.6635802469135803,0.1849278046783363,0.1203703703703704,2.4767565410208627,6.319012350425171,13.372307308548343,0.5432098765432098,25.9828561574089
EPOCorrector,9,0.0486,0.5864197530864197,0.1454879475233663,0.0493827160493826,1.0161052475982997,13.385478963892943,23.494109922342023,0.5370370370370371,26.47473479327075
EPOCorrector,10,0.0486,0.7839506172839505,0.1365718943817135,0.067901234567901,1.3971447154476622,5.247012316373255,15.446103127357674,0.7160493827160495,15.588235109929796
EPOCorrector,11,0.0486,0.6080246913580247,0.157920972906988,0.1080246913580248,2.2227302291212885,9.251360091285427,15.030570534982749,0.4999999999999999,40.44292499063709
EPOCorrector,12,0.0486,0.5771604938271605,0.1390602509391211,0.0123456790123456,0.2540263118995743,7.044223511652296,15.34512285302479,0.5648148148148149,19.679643475519555
EPOCorrector,13,0.0486,0.5956790123456791,0.1464667965148725,0.0493827160493828,1.016105247598304,23.64840902995032,34.02524663023827,0.5462962962962963,39.63121784075345
EPOCorrector,14,0.0486,0.6172839506172839,0.1390602509391211,0.0864197530864195,1.7781841832970249,6.204691258357426,14.21949761587091,0.5308641975308643,28.42816200644789
EPOCorrector,15,0.0486,0.6234567901234569,0.1717891364206882,0.0987654320987656,2.032210495196608,10.84915567050158,17.55280458997715,0.5246913580246912,30.48030659946083
EPOCorrector,16,0.0486,0.5864197530864197,0.1529569344859737,0.0617283950617284,1.2701315594978784,13.520474725890791,22.58115349244882,0.5246913580246912,35.6406719934226
EPOCorrector,17,0.0486,0.7654320987654323,0.144700100860877,0.1728395061728397,3.556368366594061,1.1078419406705315,2.740828391972736,0.5925925925925926,23.1023523310738
EPOCorrector,18,0.0486,0.5524691358024691,0.1546293216033993,0.058641975308642,1.2066249815229857,34.449062653993025,49.29792685990548,0.4938271604938271,51.931989871637775
EPOCorrector,19,0.0486,0.558641975308642,0.157920972906988,0.0401234567901235,0.8255855136736217,37.81474135203175,51.35075915273476,0.5185185185185185,61.38349961491213
EPOCorrector,20,0.0486,0.6851851851851852,0.1707323047646831,0.0709876543209877,1.4606512934225608,5.7058890967848646,15.859167403075588,0.6141975308641975,23.27253935146643
EPOCorrector,21,0.0486,0.6481481481481481,0.1737191022156826,0.1080246913580247,2.2227302291212863,18.341372158958404,21.74776440173928,0.5401234567901234,57.02746217125432
EPOCorrector,22,0.0486,0.5925925925925927,0.139197188688638,0.0185185185185186,0.3810394678493649,12.787870292905938,20.053640777109187,0.5740740740740741,23.062041349470636
EPOCorrector,23,0.0486,0.5617283950617284,0.1706206785319167,0.0432098765432098,0.8890920916485135,38.02796005535555,52.86474000393092,0.5185185185185186,39.89587676082198
EPOCorrector,24,0.0486,0.6234567901234569,0.1566491054376484,0.0895061728395063,1.8416907612719255,8.127532967327049,16.788358214780644,0.5339506172839505,28.89041707997307
EPOCorrector,25,0.0486,0.5524691358024691,0.178319220069806,0.0524691358024691,1.079611825573196,14.857730782656892,18.237518114363443,0.5,33.99107814630658
EPOCorrector,26,0.0486,0.6265432098765432,0.1814961781233229,0.0524691358024692,1.0796118255731983,21.55905590582016,30.68219791380456,0.574074074074074,36.07572107612504
EPOCorrector,27,0.0486,0.5524691358024691,0.1616765537494913,0.0432098765432099,0.8890920916485158,39.97693101639083,54.19522389483286,0.5092592592592592,59.97262674574255
EPOCorrector,28,0.0486,0.5370370370370371,0.1687117329471166,0.0308641975308642,0.6350657797489392,33.864507201579606,41.43577046005065,0.5061728395061729,56.45687201244765
EPOCorrector,29,0.0486,0.521604938271605,0.1474391470678542,0.0061728395061728,0.1270131559497883,30.161529833886195,30.215988653886757,0.5154320987654322,49.61038194674126
EPOCorrector,30,0.0486,0.558641975308642,0.1584629339875732,0.0617283950617284,1.2701315594978784,72.33493182310056,76.05725657282989,0.4969135802469135,128.8599398887483
EPOCorrector,0,0.0632,0.6574074074074074,0.1761694221337078,-0.0771604938271605,-1.22089387035232,10.23062911909574,15.602396676750912,0.7345679012345679,9.168907954552049
EPOCorrector,1,0.0632,0.5895061728395062,0.146271550753985,0.0524691358024692,0.8302078318395795,22.91369758523992,22.38357058446732,0.537037037037037,33.77667483416764
EPOCorrector,2,0.0632,0.8395061728395062,0.1117096362398386,0.0401234567901236,0.6348648125832091,0.9577971297451172,2.9728408951603904,0.7993827160493826,11.816788244580854
EPOCorrector,3,0.0632,0.6574074074074074,0.1475683097269372,-0.0216049382716048,-0.3418502836986475,13.66575750207426,19.60441887522696,0.6790123456790123,14.581531813810592
EPOCorrector,4,0.0632,0.8024691358024693,0.1318880285137129,-0.0154320987654319,-0.2441787740704615,8.569824967236688,13.217440540610728,0.8179012345679012,8.4158085563581
EPOCorrector,5,0.0632,0.7037037037037037,0.1682027974498607,0.0709876543209876,1.123222360724134,8.580177566088631,14.717032215539946,0.6327160493827161,18.62026229816613
EPOCorrector,6,0.0632,0.6635802469135803,0.1849278046783363,0.0925925925925925,1.4650726444227833,13.544543018577052,19.91914736913845,0.5709876543209877,34.90798298314577
EPOCorrector,7,0.0632,0.4660493827160494,0.0923866021425664,-0.037037037037037,-0.5860290577691135,10.716705486690422,14.097498166405597,0.5030864197530864,30.51096333344792
EPOCorrector,8,0.0632,0.7283950617283951,0.1650008198101686,0.148148148148148,2.3441162310764523,6.319012350425171,13.966882863408642,0.580246913580247,25.9828561574089
EPOCorrector,9,0.0632,0.6141975308641975,0.1443045645377896,0.0277777777777777,0.4395217933268353,13.385478963892943,23.82812135602984,0.5864197530864197,26.47473479327075
EPOCorrector,10,0.0632,0.8179012345679013,0.1361527469142764,0.0555555555555556,0.8790435866536724,5.247012316373255,16.013613848700555,0.7623456790123456,15.588235109929796
EPOCorrector,11,0.0632,0.6512345679012346,0.158282486480964,0.1388888888888889,2.197608966634177,9.251360091285427,15.430020122086717,0.5123456790123456,40.44292499063709
EPOCorrector,12,0.0632,0.6111111111111112,0.1475683097269373,0.0308641975308642,0.4883575481409283,7.044223511652296,15.715158818133808,0.5802469135802469,19.679643475519555
EPOCorrector,13,0.0632,0.6141975308641975,0.1495560671553792,0.0462962962962961,0.7325363222113899,23.64840902995032,34.25272033597292,0.5679012345679013,39.63121784075345
EPOCorrector,14,0.0632,0.6728395061728396,0.1497470305025704,0.0956790123456791,1.513908399236878,6.204691258357426,14.647962798052143,0.5771604938271605,28.42816200644789
EPOCorrector,15,0.0632,0.6574074074074073,0.1692191378008987,0.0987654320987654,1.5627441540509694,10.84915567050158,18.017402573482727,0.5586419753086419,30.48030659946083
EPOCorrector,16,0.0632,0.617283950617284,0.1485975693482805,0.0740740740740741,1.1720581155382288,13.520474725890791,23.04629734432704,0.5432098765432098,35.6406719934226
EPOCorrector,17,0.0632,0.8179012345679013,0.1404914404535931,0.1820987654320988,2.8813095340314754,1.1078419406705315,2.873103918145535,0.6358024691358025,23.1023523310738
EPOCorrector,18,0.0632,0.558641975308642,0.1679193889967339,0.0555555555555555,0.8790435866536707,34.449062653993025,49.5921859877064,0.5030864197530864,51.931989871637775
EPOCorrector,19,0.0632,0.5740740740740741,0.1504451556414066,0.0493827160493826,0.781372077025483,37.81474135203175,51.42033061607067,0.5246913580246915,61.38349961491213
EPOCorrector,20,0.0632,0.7530864197530864,0.1709553385694596,0.0864197530864198,1.3674011347945991,5.7058890967848646,16.42245434609397,0.6666666666666666,23.27253935146643
EPOCorrector,21,0.0632,0.6851851851851852,0.1781054079784383,0.132716049382716,2.0999374570059905,18.341372158958404,22.305176948317712,0.5524691358024691,57.02746217125432
EPOCorrector,22,0.0632,0.6172839506172839,0.1480194914602691,0.0216049382716049,0.3418502836986493,12.787870292905938,20.407184877504168,0.595679012345679,23.062041349470636
EPOCorrector,23,0.0632,0.5740740740740741,0.1666666666666666,0.0462962962962961,0.7325363222113899,38.02796005535555,52.96797866729533,0.5277777777777779,39.89587676082198
EPOCorrector,24,0.0632,0.6574074074074074,0.156039810614377,0.095679012345679,1.5139083992368765,8.127532967327049,17.23668537416284,0.5617283950617284,28.89041707997307
EPOCorrector,25,0.0632,0.5771604938271604,0.1726189068408588,0.0617283950617282,0.9767150962818532,14.857730782656892,18.58732727646263,0.5154320987654322,33.99107814630658
EPOCorrector,26,0.0632,0.6512345679012346,0.173773929139003,0.0555555555555554,0.879043586653669,21.55905590582016,31.159138375043337,0.5956790123456791,36.07572107612504
EPOCorrector,27,0.0632,0.5555555555555556,0.1630260820523982,0.0339506172839506,0.5371933029550213,39.97693101639083,54.295747997670105,0.5216049382716049,59.97262674574255
EPOCorrector,28,0.0632,0.5277777777777778,0.1538263678318162,0.0123456790123456,0.1953430192563703,33.864507201579606,41.497492682945406,0.5154320987654322,56.45687201244765
EPOCorrector,29,0.0632,0.5277777777777779,0.1549370419507547,-0.0061728395061726,-0.0976715096281825,30.161529833886195,30.306156654245196,0.5339506172839505,49.61038194674126
EPOCorrector,30,0.0632,0.5555555555555556,0.1682027974498606,0.0524691358024691,0.8302078318395777,72.33493182310056,76.160605929531,0.5030864197530864,128.8599398887483
EPOCorrector,0,0.0823,0.7314814814814815,0.1593023197600486,-0.0555555555555555,-0.6750371188398355,10.23062911909574,16.228733270735614,0.7870370370370371,9.168907954552049
EPOCorrector,1,0.0823,0.6327160493827161,0.1537024641727004,0.0524691358024691,0.6375350566820668,22.91369758523992,22.676126754440272,0.5802469135802469,33.77667483416764
EPOCorrector,2,0.0823,0.8888888888888888,0.0807203508063088,0.0216049382716049,0.2625144351043801,0.9577971297451172,3.1664682283336782,0.8672839506172839,11.816788244580854
EPOCorrector,3,0.0823,0.7160493827160493,0.1591826784966373,-0.0555555555555554,-0.6750371188398342,13.66575750207426,20.27537611910933,0.7716049382716048,14.581531813810592
EPOCorrector,4,0.0823,0.8611111111111112,0.1214340467463333,0.0061728395061728,0.0750041243155375,8.569824967236688,13.901062871010913,0.8549382716049383,8.4158085563581
EPOCorrector,5,0.0823,0.7623456790123458,0.1538882822508384,0.0524691358024692,0.6375350566820681,8.580177566088631,15.446446816938034,0.7098765432098766,18.62026229816613
EPOCorrector,6,0.0823,0.6851851851851851,0.1785861252035732,0.0586419753086419,0.7125391809976029,13.544543018577052,20.654335463517985,0.6265432098765432,34.90798298314577
EPOCorrector,7,0.0823,0.4814814814814815,0.0848625128695526,-0.030864197530864,-0.3750206215776845,10.716705486690422,14.210729184493587,0.5123456790123456,30.51096333344792
EPOCorrector,8,0.0823,0.7808641975308642,0.1535164211783443,0.1172839506172839,1.4250783619952072,6.319012350425171,14.904482083154278,0.6635802469135803,25.9828561574089
EPOCorrector,9,0.0823,0.6450617283950617,0.1597203584313038,-0.0216049382716049,-0.2625144351043801,13.385478963892943,24.370622935754856,0.6666666666666666,26.47473479327075
EPOCorrector,10,0.0823,0.8703703703703705,0.1255987033912086,0.0493827160493827,0.6000329945242979,5.247012316373255,16.83394334908061,0.8209876543209877,15.588235109929796
EPOCorrector,11,0.0823,0.7345679012345679,0.1722874782339859,0.1759259259259259,2.137617542992812,9.251360091285427,16.104599335430244,0.558641975308642,40.44292499063709
EPOCorrector,12,0.0823,0.6635802469135803,0.1210411824143677,0.0308641975308642,0.3750206215776865,7.044223511652296,16.357110363699146,0.6327160493827161,19.679643475519555
EPOCorrector,13,0.0823,0.638888888888889,0.152707615763617,0.037037037037037,0.4500247458932241,23.64840902995032,34.63028808348483,0.6018518518518519,39.63121784075345
EPOCorrector,14,0.0823,0.7283950617283951,0.143907941072528,0.0956790123456791,1.1625639268908283,6.204691258357426,15.375203466972636,0.632716049382716,28.42816200644789
EPOCorrector,15,0.0823,0.7037037037037037,0.1458149606298483,0.1080246913580246,1.3125721755219009,10.84915567050158,18.75536665567679,0.5956790123456791,30.48030659946083
EPOCorrector,16,0.0823,0.6481481481481483,0.1335389361282959,0.0648148148148148,0.7875433053131419,13.520474725890791,23.768758854460486,0.5833333333333334,35.6406719934226
EPOCorrector,17,0.0823,0.8858024691358026,0.1114535190448629,0.1512345679012348,1.8376010457306653,1.1078419406705315,3.0787330903720163,0.7345679012345678,23.1023523310738
EPOCorrector,18,0.0823,0.5709876543209877,0.1630845038718877,0.0648148148148148,0.7875433053131419,34.449062653993025,50.02716021811872,0.5061728395061729,51.931989871637775
EPOCorrector,19,0.0823,0.5925925925925927,0.1554894039235802,0.0524691358024691,0.6375350566820668,37.81474135203175,51.5406051882921,0.5401234567901235,61.38349961491213
EPOCorrector,20,0.0823,0.7901234567901236,0.1538882822508384,0.0524691358024692,0.6375350566820681,5.7058890967848646,17.289996203468565,0.7376543209876544,23.27253935146643
EPOCorrector,21,0.0823,0.7160493827160495,0.1731148600293846,0.1481481481481481,1.8000989835728938,18.341372158958404,23.16041715096283,0.5679012345679013,57.02746217125432
EPOCorrector,22,0.0823,0.6481481481481481,0.1582222915799543,0.0061728395061728,0.0750041243155375,12.787870292905938,20.990738062295257,0.6419753086419753,23.062041349470636
EPOCorrector,23,0.0823,0.5833333333333334,0.1661514670826515,0.0216049382716049,0.2625144351043801,38.02796005535555,53.1541214191306,0.5617283950617284,39.89587676082198
EPOCorrector,24,0.0823,0.7067901234567903,0.1522077531597278,0.0925925925925926,1.1250618647330597,8.127532967327049,17.9671017850256,0.6141975308641976,28.89041707997307
EPOCorrector,25,0.0823,0.6358024691358026,0.1579209729069881,0.0895061728395063,1.0875598025752922,14.857730782656892,19.19474211734088,0.5462962962962963,33.99107814630658
EPOCorrector,26,0.0823,0.6697530864197532,0.1546293216033993,0.0339506172839506,0.4125226837354553,21.55905590582016,31.862591001333413,0.6358024691358025,36.07572107612504
EPOCorrector,27,0.0823,0.5648148148148149,0.1635511271542194,0.037037037037037,0.4500247458932241,39.97693101639083,54.48006118922542,0.5277777777777778,59.97262674574255
EPOCorrector,28,0.0823,0.5308641975308642,0.1466617823520583,-0.0092592592592591,-0.112506186473305,33.864507201579606,41.64209500530893,0.5401234567901234,56.45687201244765
EPOCorrector,29,0.0823,0.5709876543209877,0.1538882822508383,-0.0030864197530862,-0.037502062157766,30.161529833886195,30.52190889529789,0.574074074074074,49.61038194674126
EPOCorrector,30,0.0823,0.5740740740740741,0.1676923173729151,0.0709876543209876,0.8625474296286781,72.33493182310056,76.310375539868,0.5030864197530864,128.8599398887483
EPOCorrector,0,0.1071,0.8179012345679013,0.1186566838687721,-0.0277777777777776,-0.2593630020393527,10.23062911909574,17.217000237982163,0.845679012345679,9.168907954552049
EPOCorrector,1,0.1071,0.7006172839506173,0.135310556893722,0.0617283950617284,0.5763622267541197,22.91369758523992,23.18254683977874,0.6388888888888888,33.77667483416764
EPOCorrector,2,0.1071,0.9444444444444444,0.0627993516956043,0.0246913580246912,0.2305448907016466,0.9577971297451172,3.454337815955572,0.9197530864197532,11.816788244580854
EPOCorrector,3,0.1071,0.7746913580246914,0.1627336583514082,-0.0895061728395061,-0.8357252287934724,13.66575750207426,21.30533513825519,0.8641975308641975,14.581531813810592
EPOCorrector,4,0.1071,0.910493827160494,0.086639931158137,0.0061728395061728,0.0576362226754121,8.569824967236688,14.909261919542791,0.904320987654321,8.4158085563581
EPOCorrector,5,0.1071,0.8271604938271605,0.1198548632033802,0.0185185185185184,0.1729086680262355,8.580177566088631,16.608282878195162,0.808641975308642,18.62026229816613
EPOCorrector,6,0.1071,0.7345679012345678,0.1805489605211069,0.0339506172839505,0.3169992247147649,13.544543018577052,21.79495907791069,0.7006172839506173,34.90798298314577
EPOCorrector,7,0.1071,0.54320987654321,0.1023649626652901,-0.0308641975308641,-0.2881811133770588,10.716705486690422,14.396214811519991,0.5740740740740741,30.51096333344792
EPOCorrector,8,0.1071,0.8302469135802469,0.1245323518631606,0.0709876543209876,0.6628165607672369,6.319012350425171,16.32432278002372,0.7592592592592593,25.9828561574089
EPOCorrector,9,0.1071,0.7222222222222223,0.1434438276373117,-0.0246913580246913,-0.2305448907016477,13.385478963892943,25.229820837971456,0.7469135802469137,26.47473479327075
EPOCorrector,10,0.1071,0.9012345679012346,0.0989581453202555,0.0185185185185184,0.1729086680262355,5.247012316373255,18.001048454498108,0.8827160493827161,15.588235109929796
EPOCorrector,11,0.1071,0.7993827160493828,0.142109437447177,0.1851851851851852,1.729086680262358,9.251360091285427,17.18950346013536,0.6141975308641976,40.44292499063709
EPOCorrector,12,0.1071,0.7098765432098766,0.1149872593222046,-0.0154320987654321,-0.1440905566885304,7.044223511652296,17.409462972536048,0.7253086419753088,19.679643475519555
EPOCorrector,13,0.1071,0.6481481481481483,0.1487257259648982,0.0123456790123457,0.1152724453508243,23.64840902995032,35.24217681348669,0.6358024691358025,39.63121784075345
EPOCorrector,14,0.1071,0.808641975308642,0.1265808435457399,0.0925925925925925,0.8645433401311785,6.204691258357426,16.544334336128617,0.7160493827160495,28.42816200644789
EPOCorrector,15,0.1071,0.7808641975308643,0.1350991890632055,0.0925925925925926,0.8645433401311795,10.84915567050158,19.8931459052614,0.6882716049382717,30.48030659946083
EPOCorrector,16,0.1071,0.7160493827160495,0.1247616230333811,0.074074074074074,0.691634672104943,13.520474725890791,24.868449883543256,0.6419753086419754,35.6406719934226
EPOCorrector,17,0.1071,0.9351851851851852,0.0774685209753773,0.1172839506172838,1.0950882308328251,1.1078419406705315,3.387058851509065,0.8179012345679013,23.1023523310738
EPOCorrector,18,0.1071,0.6018518518518519,0.1928950616296265,0.0679012345679013,0.6339984494295319,34.449062653993025,50.66786800110032,0.5339506172839505,51.931989871637775
EPOCorrector,19,0.1071,0.6203703703703705,0.1576795033882074,0.0401234567901234,0.374635447390177,37.81474135203175,51.74295629163977,0.580246913580247,61.38349961491213
EPOCorrector,20,0.1071,0.8487654320987654,0.1411003635884254,0.0401234567901234,0.374635447390177,5.7058890967848646,18.588906293241852,0.808641975308642,23.27253935146643
EPOCorrector,21,0.1071,0.7469135802469136,0.156831432295216,0.1265432098765432,1.1815425648459446,18.341372158958404,24.44538806646836,0.6203703703703703,57.02746217125432
EPOCorrector,22,0.1071,0.6975308641975309,0.1454879475233663,0.0030864197530864,0.028818111337706,12.787870292905938,21.92246881879085,0.6944444444444444,23.062041349470636
EPOCorrector,23,0.1071,0.5956790123456791,0.1677491140950764,0.0061728395061728,0.0576362226754121,38.02796005535555,53.47570689522784,0.5895061728395062,39.89587676082198
EPOCorrector,24,0.1071,0.7623456790123457,0.132967032274926,0.0833333333333333,0.7780890061180613,8.127532967327049,19.113496578327908,0.6790123456790124,28.89041707997307
EPOCorrector,25,0.1071,0.697530864197531,0.1425110664273481,0.0617283950617284,0.5763622267541197,14.857730782656892,20.196802393071,0.6358024691358025,33.99107814630658
EPOCorrector,26,0.1071,0.7006172839506173,0.1660367611890464,0.021604938271605,0.2017267793639426,21.55905590582016,32.891071834258284,0.6790123456790123,36.07572107612504
EPOCorrector,27,0.1071,0.5740740740740741,0.15876322406928,0.0,0.0,39.97693101639083,54.80219568011916,0.5740740740740741,59.97262674574255
EPOCorrector,28,0.1071,0.5555555555555556,0.171733675842513,-0.015432098765432,-0.1440905566885294,33.864507201579606,41.93036318614268,0.5709876543209876,56.45687201244765
EPOCorrector,29,0.1071,0.6172839506172839,0.1629091755604524,0.0123456790123457,0.1152724453508243,30.161529833886195,30.95398794818051,0.6049382716049382,49.61038194674126
EPOCorrector,30,0.1071,0.6018518518518517,0.1842569327975222,0.0864197530864196,0.8069071174557664,72.33493182310056,76.52782532055623,0.5154320987654321,128.8599398887483
EPOCorrector,0,0.1394,0.8549382716049384,0.1198548632033802,-0.0401234567901233,-0.2878296736176013,10.23062911909574,18.7241303354759,0.8950617283950617,9.168907954552049
EPOCorrector,1,0.1394,0.7746913580246914,0.1099042828071904,0.0401234567901234,0.2878296736176021,22.91369758523992,24.0251093471896,0.7345679012345679,33.77667483416764
EPOCorrector,2,0.1394,0.9783950617283952,0.0314754290962517,0.021604938271605,0.1549852088710174,0.9577971297451172,3.871447395841239,0.95679012345679,11.816788244580854
EPOCorrector,3,0.1394,0.8117283950617284,0.1602562343919404,-0.1141975308641973,-0.8192075326039443,13.66575750207426,22.8512139792545,0.9259259259259258,14.581531813810592
EPOCorrector,4,0.1394,0.9598765432098766,0.0656181840292262,0.0123456790123458,0.088562976497725,8.569824967236688,16.36604165632816,0.9475308641975309,8.4158085563581
EPOCorrector,5,0.1394,0.8827160493827161,0.1078040073862529,-0.0030864197530865,-0.0221407441244318,8.580177566088631,18.37890079952897,0.8858024691358026,18.62026229816613
EPOCorrector,6,0.1394,0.7993827160493827,0.1680894914097543,0.0185185185185183,0.1328444647465847,13.544543018577052,23.517484840331544,0.7808641975308643,34.90798298314577
EPOCorrector,7,0.1394,0.6234567901234569,0.1023649626652901,-0.0030864197530863,-0.0221407441244302,10.716705486690422,14.695721577957476,0.6265432098765432,30.51096333344792
EPOCorrector,8,0.1394,0.8734567901234569,0.1031990956623486,-0.0061728395061728,-0.0442814882488621,6.319012350425171,18.3976623758604,0.8796296296296298,25.9828561574089
EPOCorrector,9,0.1394,0.7685185185185186,0.141032835293776,-0.0648148148148148,-0.4649556266130506,13.385478963892943,26.560911609896863,0.8333333333333335,26.47473479327075
EPOCorrector,10,0.1394,0.9351851851851852,0.0752225778207033,0.0061728395061728,0.0442814882488621,5.247012316373255,19.640505724743683,0.9290123456790124,15.588235109929796
EPOCorrector,11,0.1394,0.8796296296296298,0.0807203508063087,0.1666666666666667,1.1956001827192724,9.251360091285427,18.861133970328996,0.712962962962963,40.44292499063709
EPOCorrector,12,0.1394,0.787037037037037,0.1014301032416974,-0.0339506172839507,-0.2435481853687416,7.044223511652296,19.05318332273805,0.8209876543209877,19.679643475519555
EPOCorrector,13,0.1394,0.6728395061728396,0.15646656611897,0.0030864197530865,0.0221407441244318,23.64840902995032,36.21555596898624,0.6697530864197531,39.63121784075345
EPOCorrector,14,0.1394,0.8734567901234569,0.1040265404095847,0.0493827160493828,0.3542519059908961,6.204691258357426,18.337113546934518,0.8240740740740741,28.42816200644789
EPOCorrector,15,0.1394,0.8641975308641975,0.1203307943803575,0.0895061728395061,0.6420815796084974,10.84915567050158,21.5997800087198,0.7746913580246914,30.48030659946083
EPOCorrector,16,0.1394,0.7808641975308643,0.113737813411656,0.0493827160493829,0.3542519059908969,13.520474725890791,26.511901263719885,0.7314814814814814,35.6406719934226
EPOCorrector,17,0.1394,0.9629629629629632,0.0627993516956043,0.0493827160493829,0.3542519059908969,1.1078419406705315,3.835147675182203,0.9135802469135802,23.1023523310738
EPOCorrector,18,0.1394,0.6419753086419753,0.1996415015900769,0.0648148148148148,0.4649556266130506,34.449062653993025,51.61275268400208,0.5771604938271604,51.931989871637775
EPOCorrector,19,0.1394,0.6697530864197532,0.1699493814560025,0.0709876543209877,0.5092371148619127,37.81474135203175,52.077683944536105,0.5987654320987654,61.38349961491213
EPOCorrector,20,0.1394,0.8796296296296297,0.1341794143165688,-0.0092592592592591,-0.0664222323732923,5.7058890967848646,20.483661770484183,0.8888888888888888,23.27253935146643
EPOCorrector,21,0.1394,0.7993827160493827,0.1402878787328828,0.1481481481481481,1.062755717972686,18.341372158958404,26.33933055643172,0.6512345679012346,57.02746217125432
EPOCorrector,22,0.1394,0.7623456790123458,0.1458802752851416,2.220446049250313e-16,1.5928594213211757e-15,12.787870292905938,23.36688973964403,0.7623456790123456,23.062041349470636
EPOCorrector,23,0.1394,0.6234567901234568,0.1776770119089414,0.0092592592592593,0.0664222323732931,38.02796005535555,54.01568853008696,0.6141975308641975,39.89587676082198
EPOCorrector,24,0.1394,0.8302469135802469,0.1331817840147618,0.0709876543209877,0.5092371148619127,8.127532967327049,20.85268808356888,0.7592592592592592,28.89041707997307
EPOCorrector,25,0.1394,0.75,0.1289665581220752,0.0401234567901235,0.287829673617603,14.857730782656892,21.77958600341521,0.7098765432098765,33.99107814630658
EPOCorrector,26,0.1394,0.7623456790123457,0.1838428717510547,0.0,0.0,21.55905590582016,34.386280607953886,0.7623456790123457,36.07572107612504
EPOCorrector,27,0.1394,0.5987654320987654,0.1687681865986705,0.0030864197530864,0.022140744124431,39.97693101639083,55.347853365672925,0.595679012345679,59.97262674574255
EPOCorrector,28,0.1394,0.5895061728395062,0.1984930270470805,-0.0462962962962963,-0.332111161866465,33.864507201579606,42.45916569963688,0.6358024691358026,56.45687201244765
EPOCorrector,29,0.1394,0.6512345679012346,0.1598991832961557,-0.0030864197530864,-0.022140744124431,30.161529833886195,31.74268132755686,0.654320987654321,49.61038194674126
EPOCorrector,30,0.1394,0.6203703703703705,0.1624993405072615,0.080246913580247,0.575659347235206,72.33493182310056,76.84657185002696,0.5401234567901234,128.8599398887483
EPOCorrector,0,0.1815,0.910493827160494,0.093309978134759,-0.0462962962962963,-0.2550760112463933,10.23062911909574,20.927343327348336,0.9567901234567904,9.168907954552049
EPOCorrector,1,0.1815,0.851851851851852,0.1296296296296296,0.0277777777777779,0.1530456067478363,22.91369758523992,25.367977470232468,0.8240740740740741,33.77667483416764
EPOCorrector,2,0.1815,0.9938271604938272,0.0115483252678207,0.0123456790123456,0.0680202696657044,0.9577971297451172,4.456913758396249,0.9814814814814816,11.816788244580854
EPOCorrector,3,0.1815,0.8580246913580248,0.1425110664273481,-0.1111111111111108,-0.6121824269913411,13.66575750207426,25.09639519249261,0.9691358024691356,14.581531813810592
EPOCorrector,4,0.1815,0.9814814814814814,0.037037037037037,-0.0061728395061729,-0.0340101348328531,8.569824967236688,18.40983959733768,0.9876543209876544,8.4158085563581
EPOCorrector,5,0.1815,0.910493827160494,0.115483252678208,-0.0524691358024692,-0.2890861460792458,8.580177566088631,20.946246889008663,0.9629629629629632,18.62026229816613
EPOCorrector,6,0.1815,0.8549382716049383,0.1359426885527484,-0.0123456790123456,-0.0680202696657044,13.544543018577052,26.024823353542857,0.8672839506172839,34.90798298314577
EPOCorrector,7,0.1815,0.7160493827160495,0.1268064110134205,0.0308641975308641,0.1700506741642613,10.716705486690422,15.16938424177176,0.6851851851851853,30.51096333344792
EPOCorrector,8,0.1815,0.9135802469135804,0.0745867035407072,-0.021604938271605,-0.1190354719149838,6.319012350425171,21.30046346912753,0.9351851851851852,25.9828561574089
EPOCorrector,9,0.1815,0.8333333333333335,0.1498742042244319,-0.0709876543209875,-0.3911165505778015,13.385478963892943,28.55772064430013,0.904320987654321,26.47473479327075
EPOCorrector,10,0.1815,0.9629629629629628,0.0585606974105255,0.0,0.0,5.247012316373255,21.8934947667726,0.9629629629629628,15.588235109929796
EPOCorrector,11,0.1815,0.9259259259259258,0.0763538078818085,0.0802469135802467,0.4421317528270796,9.251360091285427,21.31376996014232,0.8456790123456791,40.44292499063709
EPOCorrector,12,0.1815,0.898148148148148,0.070516417646888,0.0030864197530861,0.0170050674164244,7.044223511652296,21.487287332179925,0.8950617283950619,19.679643475519555
EPOCorrector,13,0.1815,0.7160493827160495,0.1445024680335756,-0.0030864197530862,-0.017005067416425,23.64840902995032,37.72243491689481,0.7191358024691357,39.63121784075345
EPOCorrector,14,0.1815,0.9166666666666666,0.0897718492114134,0.0061728395061727,0.0340101348328519,6.204691258357426,20.946976813983184,0.910493827160494,28.42816200644789
EPOCorrector,15,0.1815,0.9197530864197532,0.0892397055234626,0.0524691358024692,0.2890861460792458,10.84915567050158,24.066802481552127,0.8672839506172839,30.48030659946083
EPOCorrector,16,0.1815,0.8518518518518517,0.0997252742061945,0.0370370370370368,0.2040608089971133,13.520474725890791,28.897246288658053,0.8148148148148149,35.6406719934226
EPOCorrector,17,0.1815,0.9722222222222222,0.0523782800878923,0.0030864197530865,0.0170050674164268,1.1078419406705315,4.463507313371432,0.9691358024691356,23.1023523310738
EPOCorrector,18,0.1815,0.6759259259259259,0.1902096165201308,0.0679012345679012,0.3741114831613759,34.449062653993025,52.9948769130466,0.6080246913580247,51.931989871637775
EPOCorrector,19,0.1815,0.7129629629629631,0.1640744920987903,0.0956790123456791,0.5271570899092122,37.81474135203175,52.62007882733955,0.617283950617284,61.38349961491213
EPOCorrector,20,0.1815,0.9228395061728396,0.1020854037564273,-0.0277777777777777,-0.1530456067478357,5.7058890967848646,23.15275719914076,0.9506172839506172,23.27253935146643
EPOCorrector,21,0.1815,0.8333333333333334,0.1276300810378724,0.1080246913580246,0.595177359574916,18.341372158958404,29.049263523749964,0.7253086419753088,57.02746217125432
EPOCorrector,22,0.1815,0.8364197530864197,0.1129815136896489,0.0123456790123456,0.0680202696657044,12.787870292905938,25.520920321299943,0.8240740740740741,23.062041349470636
EPOCorrector,23,0.1815,0.6697530864197532,0.193978473610749,0.0,0.0,38.02796005535555,54.89499126671122,0.6697530864197532,39.89587676082198
EPOCorrector,24,0.1815,0.8950617283950617,0.1020854037564273,0.052469135802469,0.2890861460792446,8.127532967327049,23.38197852629197,0.8425925925925927,28.89041707997307
EPOCorrector,25,0.1815,0.8209876543209877,0.1088592104231382,0.0308641975308642,0.1700506741642619,14.857730782656892,24.158246256231894,0.7901234567901235,33.99107814630658
EPOCorrector,26,0.1815,0.830246913580247,0.1535164211783443,-0.0123456790123456,-0.0680202696657044,21.55905590582016,36.524622093346935,0.8425925925925927,36.07572107612504
EPOCorrector,27,0.1815,0.6111111111111112,0.1766554076698047,-0.0370370370370369,-0.2040608089971139,39.97693101639083,56.24291450218612,0.6481481481481481,59.97262674574255
EPOCorrector,28,0.1815,0.6296296296296298,0.2070433312499805,-0.067901234567901,-0.3741114831613752,33.864507201579606,43.37165036173784,0.6975308641975309,56.45687201244765
EPOCorrector,29,0.1815,0.7222222222222222,0.1671802785672943,0.0185185185185184,0.1020304044985569,30.161529833886195,33.08463496781112,0.7037037037037037,49.61038194674126
EPOCorrector,30,0.1815,0.6265432098765431,0.1636093614901058,0.0709876543209876,0.3911165505778021,72.33493182310056,77.31551540519675,0.5555555555555555,128.8599398887483
EPOCorrector,0,0.2362,0.9382716049382716,0.0726456931848137,-0.037037037037037,-0.1568037124480668,10.23062911909574,23.989538831764158,0.9753086419753088,9.168907954552049
EPOCorrector,1,0.2362,0.8919753086419754,0.1279282825682883,-0.0246913580246912,-0.1045358082987105,22.91369758523992,27.40029611837422,0.9166666666666666,33.77667483416764
EPOCorrector,2,0.2362,1.0,0.0,0.0123456790123456,0.0522679041493552,0.9577971297451172,5.249299784159425,0.9876543209876544,11.816788244580854
EPOCorrector,3,0.2362,0.9259259259259258,0.1071836750258354,-0.058641975308642,-0.2482725447094389,13.66575750207426,28.216886626381992,0.9845679012345678,14.581531813810592
EPOCorrector,4,0.2362,0.9938271604938272,0.0174594266959641,0.0,0.0,8.569824967236688,21.169576804566667,0.9938271604938272,8.4158085563581
EPOCorrector,5,0.2362,0.947530864197531,0.0790509165115166,-0.0370370370370368,-0.1568037124480658,8.580177566088631,24.470306894687575,0.9845679012345678,18.62026229816613
EPOCorrector,6,0.2362,0.9074074074074072,0.1178511301977579,-0.027777777777778,-0.1176027843360509,13.544543018577052,29.507059524008195,0.9351851851851852,34.90798298314577
EPOCorrector,7,0.2362,0.7808641975308642,0.1238419916527091,0.058641975308642,0.2482725447094389,10.716705486690422,15.895857009522258,0.7222222222222222,30.51096333344792
EPOCorrector,8,0.2362,0.941358024691358,0.057741626339104,-0.0277777777777779,-0.1176027843360504,6.319012350425171,25.178597656043312,0.969135802469136,25.9828561574089
EPOCorrector,9,0.2362,0.8827160493827161,0.1261284984055713,-0.0895061728395061,-0.3789423050828274,13.385478963892943,31.423044988413523,0.9722222222222222,26.47473479327075
EPOCorrector,10,0.2362,0.9845679012345678,0.0296038982920537,0.0061728395061726,0.0261339520746769,5.247012316373255,24.89266918557559,0.9783950617283952,15.588235109929796
EPOCorrector,11,0.2362,0.9783950617283952,0.0254512692939361,0.058641975308642,0.2482725447094389,9.251360091285427,24.720386380773924,0.9197530864197532,40.44292499063709
EPOCorrector,12,0.2362,0.9444444444444444,0.0523782800878923,-0.0154320987654321,-0.0653348801866947,7.044223511652296,24.88650381676861,0.9598765432098766,19.679643475519555
EPOCorrector,13,0.2362,0.79320987654321,0.1423103936222037,0.0030864197530864,0.0130669760373389,23.64840902995032,39.96485976450324,0.7901234567901235,39.63121784075345
EPOCorrector,14,0.2362,0.9506172839506172,0.0726456931848136,-0.0061728395061727,-0.0261339520746774,6.204691258357426,24.53868773477989,0.95679012345679,28.42816200644789
EPOCorrector,15,0.2362,0.9444444444444444,0.0600068583185913,0.0,0.0,10.84915567050158,27.47117851035862,0.9444444444444444,30.48030659946083
EPOCorrector,16,0.2362,0.910493827160494,0.0977961698626843,0.0185185185185184,0.0784018562240331,13.520474725890791,32.21939929790171,0.8919753086419754,35.6406719934226
EPOCorrector,17,0.2362,0.9845679012345678,0.0436485667399103,0.0061728395061727,0.0261339520746774,1.1078419406705315,5.311332038870093,0.9783950617283952,23.1023523310738
EPOCorrector,18,0.2362,0.7129629629629629,0.1928950616296264,0.0617283950617283,0.2613395207467773,34.449062653993025,54.97427300783504,0.6512345679012346,51.931989871637775
EPOCorrector,19,0.2362,0.7407407407407407,0.1469861839480328,0.0771604938271603,0.3266744009334716,37.81474135203175,53.47428027425536,0.6635802469135803,61.38349961491213
EPOCorrector,20,0.2362,0.9382716049382716,0.0923866021425664,-0.0493827160493827,-0.2090716165974221,5.7058890967848646,26.753181014994905,0.9876543209876544,23.27253935146643
EPOCorrector,21,0.2362,0.8703703703703705,0.1262794601572764,0.0648148148148149,0.2744064967841172,18.341372158958404,32.771995843243644,0.8055555555555555,57.02746217125432
EPOCorrector,22,0.2362,0.904320987654321,0.1080687740741456,0.0030864197530864,0.0130669760373389,12.787870292905938,28.57836501796368,0.9012345679012346,23.062041349470636
EPOCorrector,23,0.2362,0.7037037037037037,0.2151657414559676,-0.0216049382716049,-0.0914688322613721,38.02796005535555,56.272560815993934,0.7253086419753086,39.89587676082198
EPOCorrector,24,0.2362,0.9351851851851852,0.0817755635771097,0.0277777777777777,0.1176027843360499,8.127532967327049,26.87946966348124,0.9074074074074076,28.89041707997307
EPOCorrector,25,0.2362,0.8888888888888888,0.0752225778207033,0.0185185185185183,0.0784018562240327,14.857730782656892,27.533829834820303,0.8703703703703705,33.99107814630658
EPOCorrector,26,0.2362,0.904320987654321,0.1031990956623487,2.220446049250313e-16,9.400702962953473e-16,21.55905590582016,39.49279810233154,0.9043209876543208,36.07572107612504
EPOCorrector,27,0.2362,0.6666666666666666,0.1656346649999844,-0.0154320987654321,-0.0653348801866947,39.97693101639083,57.6546950958058,0.6820987654320988,59.97262674574255
EPOCorrector,28,0.2362,0.7253086419753086,0.1739383062173502,-0.0586419753086419,-0.2482725447094384,33.864507201579606,44.85699430942531,0.7839506172839505,56.45687201244765
EPOCorrector,29,0.2362,0.8024691358024693,0.1388545911012592,0.0339506172839507,0.1437367364107283,30.161529833886195,35.21742721662454,0.7685185185185185,49.61038194674126
EPOCorrector,30,0.2362,0.6604938271604939,0.15646656611897,0.0740740740740741,0.3136074248961336,72.33493182310056,78.00182384647633,0.5864197530864197,128.8599398887483
EPOCorrector,0,0.3073,0.9537037037037036,0.0570779074348979,-0.0339506172839506,-0.1104803682833396,10.23062911909574,28.04519734814393,0.9876543209876544,9.168907954552049
EPOCorrector,1,0.3073,0.9444444444444444,0.0729074803149241,-0.0308641975308643,-0.1004366984394,22.91369758523992,30.316245210763626,0.9753086419753088,33.77667483416764
EPOCorrector,2,0.3073,1.0,0.0,0.0061728395061728,0.02008733968788,0.9577971297451172,6.289450169627845,0.9938271604938272,11.816788244580854
EPOCorrector,3,0.3073,0.9537037037037036,0.074074074074074,-0.0432098765432097,-0.1406113778151589,13.66575750207426,32.362336923123166,0.9969135802469136,14.581531813810592
EPOCorrector,4,0.3073,1.0,0.0,0.0,0.0,8.569824967236688,24.76046583451418,1.0,8.4158085563581
EPOCorrector,5,0.3073,0.9783950617283952,0.0340906204234174,-0.0154320987654319,-0.0502183492196992,8.580177566088631,29.07317885773493,0.9938271604938272,18.62026229816613
EPOCorrector,6,0.3073,0.947530864197531,0.0832761577977286,-0.0370370370370368,-0.1205240381272789,13.544543018577052,34.12106627518439,0.9845679012345678,34.90798298314577
EPOCorrector,7,0.3073,0.8518518518518517,0.0878410461157883,0.0740740740740739,0.2410480762545586,10.716705486690422,16.97355698274209,0.7777777777777778,30.51096333344792
EPOCorrector,8,0.3073,0.9537037037037036,0.0555555555555555,-0.0370370370370372,-0.12052403812728,6.319012350425171,30.145703069913733,0.9907407407407408,25.9828561574089
EPOCorrector,9,0.3073,0.9382716049382716,0.0856446723797012,-0.0432098765432098,-0.1406113778151593,13.385478963892943,35.34387254993834,0.9814814814814816,26.47473479327075
EPOCorrector,10,0.3073,0.9938271604938272,0.0174594266959641,-0.0030864197530863,-0.0100436698439396,5.247012316373255,28.757440808696977,0.9969135802469136,15.588235109929796
EPOCorrector,11,0.3073,0.9938271604938272,0.0115483252678207,0.0308641975308642,0.1004366984393996,9.251360091285427,29.22019650136938,0.9629629629629628,40.44292499063709
EPOCorrector,12,0.3073,0.969135802469136,0.0402419901555718,-0.0246913580246912,-0.0803493587515193,7.044223511652296,29.38524167892482,0.9938271604938272,19.679643475519555
EPOCorrector,13,0.3073,0.8549382716049383,0.1132341748632354,0.0061728395061728,0.02008733968788,23.64840902995032,43.15605707145306,0.8487654320987654,39.63121784075345
EPOCorrector,14,0.3073,0.9753086419753088,0.0480134234139013,-0.009259259259259,-0.0301310095318192,6.204691258357426,29.239057737247016,0.9845679012345678,28.42816200644789
EPOCorrector,15,0.3073,0.9660493827160496,0.066483516137463,-0.0277777777777776,-0.0903930285954593,10.84915567050158,31.959269512364298,0.9938271604938272,30.48030659946083
EPOCorrector,16,0.3073,0.9506172839506176,0.0749688753178464,0.006172839506173,0.0200873396878807,13.520474725890791,36.64802545047719,0.9444444444444444,35.6406719934226
EPOCorrector,17,0.3073,0.9969135802469136,0.008729713347982,0.0061728395061725,0.0200873396878789,1.1078419406705315,6.4201247401472,0.9907407407407408,23.1023523310738
EPOCorrector,18,0.3073,0.7777777777777779,0.1687117329471166,0.0524691358024692,0.1707423873469797,34.449062653993025,57.73140238366674,0.7253086419753086,51.931989871637775
EPOCorrector,19,0.3073,0.7901234567901235,0.1031990956623487,0.0679012345679013,0.2209607365666793,37.81474135203175,54.77933525433827,0.7222222222222222,61.38349961491213
EPOCorrector,20,0.3073,0.9598765432098766,0.0681812408468349,-0.0370370370370368,-0.1205240381272789,5.7058890967848646,31.410816063346168,0.9969135802469136,23.27253935146643
EPOCorrector,21,0.3073,0.904320987654321,0.1243026578123596,0.0339506172839505,0.1104803682833393,18.341372158958404,37.6756665164501,0.8703703703703705,57.02746217125432
EPOCorrector,22,0.3073,0.9444444444444444,0.0796511598800242,-0.0061728395061728,-0.02008733968788,12.787870292905938,32.7060205234351,0.9506172839506172,23.062041349470636
EPOCorrector,23,0.3073,0.7561728395061729,0.1905598646967053,-0.0493827160493827,-0.1606987175030393,38.02796005535555,58.342886204390254,0.8055555555555556,39.89587676082198
EPOCorrector,24,0.3073,0.9598765432098766,0.0525598344627357,0.0,0.0,8.127532967327049,31.48830748957157,0.9598765432098766,28.89041707997307
EPOCorrector,25,0.3073,0.941358024691358,0.057741626339104,0.0123456790123458,0.0401746793757603,14.857730782656892,32.06923478842839,0.9290123456790124,33.99107814630658
EPOCorrector,26,0.3073,0.941358024691358,0.0832761577977286,-0.0154320987654319,-0.0502183492196992,21.55905590582016,43.46940111093281,0.95679012345679,36.07572107612504
EPOCorrector,27,0.3073,0.7407407407407407,0.1666666666666666,-0.0061728395061728,-0.02008733968788,39.97693101639083,59.79116482481292,0.7469135802469136,59.97262674574255
EPOCorrector,28,0.3073,0.7839506172839505,0.1456842434716783,-0.058641975308642,-0.1908297270348593,33.864507201579606,47.1440533090006,0.8425925925925926,56.45687201244765
EPOCorrector,29,0.3073,0.8611111111111112,0.1022718612702524,0.0308641975308642,0.1004366984393996,30.161529833886195,38.39266018049248,0.8302469135802469,49.61038194674126
EPOCorrector,30,0.3073,0.6882716049382717,0.1456842434716783,0.0648148148148148,0.2109170667227393,72.33493182310056,78.998789651434,0.6234567901234568,128.8599398887483
EPOCorrector,0,0.4,0.9753086419753088,0.0402419901555718,-0.0216049382716047,-0.0540123455439808,10.23062911909574,33.179532633108934,0.9969135802469136,9.168907954552049
EPOCorrector,1,0.4,0.9629629629629628,0.0523782800878923,-0.0308641975308642,-0.0771604936342593,22.91369758523992,34.279282893901105,0.9938271604938272,33.77667483416764
EPOCorrector,2,0.4,1.0,0.0,0.0,0.0,0.9577971297451172,7.62230065464968,1.0,11.816788244580854
EPOCorrector,3,0.4,0.9691358024691356,0.0514609012362131,-0.0308641975308643,-0.0771604936342595,13.66575750207426,37.62576984415335,1.0,14.581531813810592
EPOCorrector,4,0.4,1.0,0.0,0.0,0.0,8.569824967236688,29.27036791248532,1.0,8.4158085563581
EPOCorrector,5,0.4,0.9907407407407408,0.0185185185185184,-0.009259259259259,-0.0231481480902773,8.580177566088631,34.820843805882994,1.0,18.62026229816613
EPOCorrector,6,0.4,0.9598765432098766,0.0642983538765421,-0.0401234567901234,-0.1003086417245369,13.544543018577052,39.95915878425392,1.0,34.90798298314577
EPOCorrector,7,0.4,0.8981481481481483,0.0680413817439771,0.0679012345679013,0.1697530859953705,10.716705486690422,18.515867153652795,0.8302469135802469,30.51096333344792
EPOCorrector,8,0.4,0.9660493827160496,0.0468078731114293,-0.0339506172839505,-0.084876542997685,6.319012350425171,36.26514829790744,1.0,25.9828561574089
EPOCorrector,9,0.4,0.9598765432098766,0.0775913894442996,-0.0339506172839505,-0.084876542997685,13.385478963892943,40.45111852624797,0.9938271604938272,26.47473479327075
EPOCorrector,10,0.4,1.0,0.0,0.0030864197530865,0.0077160493634262,5.247012316373255,33.575816094609564,0.9969135802469136,15.588235109929796
EPOCorrector,11,0.4,1.0,0.0,0.0123456790123456,0.0308641974537035,9.251360091285427,34.900150983117655,0.9876543209876544,40.44292499063709
EPOCorrector,12,0.4,0.9783950617283952,0.0314754290962517,-0.0216049382716049,-0.0540123455439814,7.044223511652296,35.05656125101623,1.0,19.679643475519555
EPOCorrector,13,0.4,0.910493827160494,0.0905115944358961,0.0154320987654321,0.0385802468171297,23.64840902995032,47.47644958323724,0.8950617283950617,39.63121784075345
EPOCorrector,14,0.4,0.9753086419753088,0.0480134234139013,-0.0216049382716047,-0.0540123455439808,6.204691258357426,35.11971014308742,0.9969135802469136,28.42816200644789
EPOCorrector,15,0.4,0.9814814814814816,0.037037037037037,-0.0185185185185184,-0.0462962961805554,10.84915567050158,37.62055905333095,1.0,30.48030659946083
EPOCorrector,16,0.4,0.9722222222222222,0.0523782800878923,-0.0092592592592593,-0.0231481480902778,13.520474725890791,42.29060116369861,0.9814814814814816,35.6406719934226
EPOCorrector,17,0.4,1.0,0.0,0.0,0.0,1.1078419406705315,7.836027631723846,1.0,23.1023523310738
EPOCorrector,18,0.4,0.8117283950617284,0.15646656611897,0.0308641975308642,0.0771604936342593,34.449062653993025,61.43690042035178,0.7808641975308642,51.931989871637775
EPOCorrector,19,0.4,0.8456790123456791,0.1040265404095847,0.0895061728395062,0.223765431539352,37.81474135203175,56.70643054331988,0.7561728395061729,61.38349961491213
EPOCorrector,20,0.4,0.9722222222222222,0.0555555555555555,-0.0277777777777777,-0.0694444442708333,5.7058890967848646,37.19761029573164,1.0,23.27253935146643
EPOCorrector,21,0.4,0.9320987654320988,0.0998207507950384,0.0216049382716049,0.0540123455439814,18.341372158958404,43.866688350387165,0.910493827160494,57.02746217125432
EPOCorrector,22,0.4,0.9629629629629632,0.0627993516956043,-0.015432098765432,-0.0385802468171295,12.787870292905938,38.00988593669342,0.9783950617283952,23.062041349470636
EPOCorrector,23,0.4,0.8333333333333334,0.1614407016126175,-0.0308641975308641,-0.077160493634259,38.02796005535555,61.31184912145285,0.8641975308641975,39.89587676082198
EPOCorrector,24,0.4,0.9753086419753088,0.0402419901555718,-0.009259259259259,-0.0231481480902773,8.127532967327049,37.29215859538183,0.9845679012345678,28.89041707997307
EPOCorrector,25,0.4,0.9598765432098766,0.0572445586141709,-0.0339506172839505,-0.084876542997685,14.857730782656892,37.85964729460625,0.9938271604938272,33.99107814630658
EPOCorrector,26,0.4,0.9537037037037036,0.0692899516069247,-0.0339506172839506,-0.0848765429976852,21.55905590582016,48.58370089303427,0.9876543209876544,36.07572107612504
EPOCorrector,27,0.4,0.7839506172839507,0.1514548660047567,0.0061728395061728,0.0154320987268519,39.97693101639083,62.87849064480372,0.7777777777777778,59.97262674574255
EPOCorrector,28,0.4,0.8611111111111112,0.0979907892986885,-0.0308641975308642,-0.0771604936342593,33.864507201579606,50.46948072884102,0.8919753086419754,56.45687201244765
EPOCorrector,29,0.4,0.9166666666666666,0.0848625128695525,0.0,0.0,30.161529833886195,42.8228418479067,0.9166666666666666,49.61038194674126
EPOCorrector,30,0.4,0.7191358024691358,0.1437092188496644,0.0617283950617283,0.1543209872685183,72.33493182310056,80.43123023392079,0.6574074074074074,128.8599398887483
LOESSCorrector,0,0.01,0.4999999999999999,0.1404236193342879,0.0154320987654319,1.5432097222222223,9.061172027315374,12.912066558559928,0.4845679012345679,9.168907954552049
LOESSCorrector,1,0.01,0.4722222222222222,0.1487257259648982,-0.015432098765432,-1.5432097222222334,22.71649600503362,19.579236138326603,0.4876543209876542,33.77667483416764
LOESSCorrector,2,0.01,0.5462962962962963,0.1014301032416974,-0.0030864197530864,-0.3086419444444489,8.44856296587375,12.246336905531072,0.5493827160493827,11.816788244580854
LOESSCorrector,3,0.01,0.4907407407407408,0.160908770342433,0.0092592592592593,0.9259258333333468,6.7897758717201455,12.699175318477463,0.4814814814814815,14.581531813810592
LOESSCorrector,4,0.01,0.558641975308642,0.2076405949574588,0.0277777777777777,2.7777775000000293,8.128683305458335,11.794896291259994,0.5308641975308642,8.4158085563581
LOESSCorrector,5,0.01,0.4506172839506173,0.1450945589326316,-0.0401234567901234,-4.012345277777819,7.384108700175195,12.92248588751977,0.4907407407407407,18.62026229816613
LOESSCorrector,6,0.01,0.478395061728395,0.1537024641727004,-0.0061728395061728,-0.6172838888888923,26.969250862981813,25.213320068015328,0.4845679012345678,34.90798298314577
LOESSCorrector,7,0.01,0.4506172839506173,0.1553668265265829,-0.0432098765432097,-4.320987222222257,27.4230399581662,39.7062119300387,0.4938271604938271,30.51096333344792
LOESSCorrector,8,0.01,0.4660493827160494,0.143907941072528,-0.0123456790123456,-1.2345677777777846,20.362178670907984,21.160045456127147,0.478395061728395,25.9828561574089
LOESSCorrector,9,0.01,0.462962962962963,0.1458149606298483,-0.0216049382716048,-2.16049361111112,21.97418943788048,21.74652615726919,0.4845679012345678,26.47473479327075
LOESSCorrector,10,0.01,0.6419753086419753,0.1944199475064645,0.0925925925925925,9.259258333333422,7.764498314983581,14.500080085726792,0.5493827160493827,15.588235109929796
LOESSCorrector,11,0.01,0.4814814814814814,0.1515806068865268,0.0,0.0,34.10977694837669,29.668938920200983,0.4814814814814814,40.44292499063709
LOESSCorrector,12,0.01,0.4567901234567901,0.1404914404535931,-0.0401234567901234,-4.012345277777819,12.87990105722113,15.694688574239946,0.4969135802469135,19.679643475519555
LOESSCorrector,13,0.01,0.4753086419753086,0.1616765537494913,-0.0308641975308642,-3.086419444444478,31.565739020773613,36.67491726131991,0.5061728395061729,39.63121784075345
LOESSCorrector,14,0.01,0.4722222222222222,0.1538263678318162,-0.0092592592592592,-0.9259258333333412,24.18671149851384,23.703348574063547,0.4814814814814814,28.42816200644789
LOESSCorrector,15,0.01,0.4691358024691358,0.1478262964793586,-0.015432098765432,-1.543209722222228,24.159908789363303,20.11724711749528,0.4845679012345678,30.48030659946083
LOESSCorrector,16,0.01,0.4753086419753086,0.1518317762499857,-0.0216049382716048,-2.160493611111126,27.02144733459472,27.35016614940562,0.4969135802469135,35.6406719934226
LOESSCorrector,17,0.01,0.4660493827160493,0.1402878787328828,-0.0185185185185185,-1.851851666666688,19.271315904823236,17.288973329093956,0.4845679012345678,23.1023523310738
LOESSCorrector,18,0.01,0.478395061728395,0.1514548660047567,-0.0216049382716048,-2.160493611111126,45.88761619177809,47.29742000841121,0.4999999999999999,51.931989871637775
LOESSCorrector,19,0.01,0.4814814814814814,0.1532680125671004,0.0030864197530864,0.3086419444444489,60.76792471685657,59.08484837468955,0.478395061728395,61.38349961491213
LOESSCorrector,20,0.01,0.478395061728395,0.1655196009603941,-0.0185185185185185,-1.851851666666688,18.11278374389849,16.74135314781435,0.4969135802469135,23.27253935146643
LOESSCorrector,21,0.01,0.4722222222222222,0.1538263678318162,-0.0277777777777776,-2.777777500000018,48.20690458046629,44.416900892563866,0.4999999999999999,57.02746217125432
LOESSCorrector,22,0.01,0.4567901234567901,0.1476328486802642,-0.0648148148148147,-6.481480833333394,15.082021968387224,22.209795195032672,0.5216049382716049,23.062041349470636
LOESSCorrector,23,0.01,0.4814814814814814,0.1532680125671004,-0.0092592592592592,-0.9259258333333412,38.01173931167578,45.226073930170216,0.4907407407407407,39.89587676082198
LOESSCorrector,24,0.01,0.478395061728395,0.1537024641727004,-0.0061728395061728,-0.6172838888888923,23.01013720333261,23.623210555141213,0.4845679012345678,28.89041707997307
LOESSCorrector,25,0.01,0.4753086419753086,0.1518317762499857,-0.0061728395061728,-0.6172838888888923,31.455555583337265,28.25140265945532,0.4814814814814814,33.99107814630658
LOESSCorrector,26,0.01,0.5061728395061729,0.1491734070814144,-0.0030864197530863,-0.3086419444444378,26.011758486505776,23.0705342463547,0.5092592592592592,36.07572107612504
LOESSCorrector,27,0.01,0.4814814814814814,0.160908770342433,-0.0030864197530863,-0.3086419444444434,65.29687366201014,60.637036145217294,0.4845679012345678,59.97262674574255
LOESSCorrector,28,0.01,0.4660493827160494,0.142109437447177,-0.0185185185185184,-1.8518516666666769,54.28864969244516,44.066632979868814,0.4845679012345678,56.45687201244765
LOESSCorrector,29,0.01,0.478395061728395,0.1531436571611762,-0.0061728395061728,-0.6172838888888923,43.92507995269898,39.35904066834342,0.4845679012345678,49.61038194674126
LOESSCorrector,30,0.01,0.4753086419753086,0.1466617823520583,-0.0061728395061728,-0.6172838888888923,141.6181276556443,117.15589514514996,0.4814814814814814,128.8599398887483
LOESSCorrector,0,0.013,0.5030864197530864,0.1400840212087681,-0.0123456790123457,-0.9496675432829378,9.061172027315374,12.934656638189573,0.5154320987654322,9.168907954552049
LOESSCorrector,1,0.013,0.478395061728395,0.146271550753985,0.0,0.0,22.71649600503362,19.548687105258743,0.478395061728395,33.77667483416764
LOESSCorrector,2,0.013,0.5617283950617283,0.1003917035017938,0.0123456790123455,0.9496675432829208,8.44856296587375,12.289053113947126,0.5493827160493828,11.816788244580854
LOESSCorrector,3,0.013,0.5,0.1571348402636772,0.015432098765432,1.1870844291036635,6.7897758717201455,12.733150311080404,0.4845679012345679,14.581531813810592
LOESSCorrector,4,0.013,0.5648148148148149,0.2024371398988467,0.0092592592592593,0.7122506574622034,8.128683305458335,11.84867991836379,0.5555555555555556,8.4158085563581
LOESSCorrector,5,0.013,0.4567901234567901,0.1464667965148725,-0.0339506172839506,-2.6115857440280705,7.384108700175195,12.935469966856733,0.4907407407407407,18.62026229816613
LOESSCorrector,6,0.013,0.4753086419753086,0.1484051269156951,-0.0092592592592591,-0.7122506574621948,26.969250862981813,25.18190359692141,0.4845679012345678,34.90798298314577
LOESSCorrector,7,0.013,0.441358024691358,0.1495560671553792,-0.0524691358024691,-4.036087058952469,27.4230399581662,39.66792887630812,0.4938271604938272,30.51096333344792
LOESSCorrector,8,0.013,0.462962962962963,0.1428448946346436,-0.0123456790123456,-0.9496675432829292,20.362178670907984,21.14886305501853,0.4753086419753086,25.9828561574089
LOESSCorrector,9,0.013,0.4691358024691358,0.1388545911012591,-0.0061728395061728,-0.4748337716414646,21.97418943788048,21.73315711509729,0.4753086419753086,26.47473479327075
LOESSCorrector,10,0.013,0.6635802469135803,0.1974826330005727,0.0987654320987655,7.597340346263475,7.764498314983581,14.581431076847482,0.5648148148148148,15.588235109929796
LOESSCorrector,11,0.013,0.4814814814814814,0.1515806068865268,0.0030864197530864,0.2374168858207344,34.10977694837669,29.640158390611155,0.478395061728395,40.44292499063709
LOESSCorrector,12,0.013,0.4506172839506173,0.146271550753985,-0.0339506172839505,-2.611585744028062,12.87990105722113,15.68338332386544,0.4845679012345678,19.679643475519555
LOESSCorrector,13,0.013,0.4814814814814814,0.160375074774896,-0.0246913580246914,-1.8993350865658716,31.565739020773613,36.71066524724162,0.5061728395061729,39.63121784075345
LOESSCorrector,14,0.013,0.4691358024691358,0.1484051269156951,-0.0123456790123456,-0.9496675432829292,24.18671149851384,23.681630945434808,0.4814814814814814,28.42816200644789
LOESSCorrector,15,0.013,0.478395061728395,0.1553668265265829,-0.0061728395061728,-0.4748337716414646,24.159908789363303,20.08432968077516,0.4845679012345678,30.48030659946083
LOESSCorrector,16,0.013,0.4814814814814814,0.1493010694129361,-0.015432098765432,-1.1870844291036635,27.02144733459472,27.33545244947996,0.4969135802469135,35.6406719934226
LOESSCorrector,17,0.013,0.462962962962963,0.1440402702417041,-0.0216049382716048,-1.661918200745124,19.271315904823236,17.27231052714301,0.4845679012345678,23.1023523310738
LOESSCorrector,18,0.013,0.4814814814814814,0.1549370419507547,-0.0092592592592592,-0.7122506574621991,45.88761619177809,47.2577633308232,0.4907407407407407,51.931989871637775
LOESSCorrector,19,0.013,0.4814814814814814,0.1532680125671004,-0.0030864197530863,-0.2374168858207301,60.76792471685657,59.11584963685881,0.4845679012345678,61.38349961491213
LOESSCorrector,20,0.013,0.478395061728395,0.1655196009603941,-0.0216049382716049,-1.661918200745137,18.11278374389849,16.753897792643965,0.5,23.27253935146643
LOESSCorrector,21,0.013,0.4722222222222222,0.1538263678318162,-0.0308641975308642,-2.374168858207336,48.20690458046629,44.400267824948735,0.5030864197530864,57.02746217125432
LOESSCorrector,22,0.013,0.462962962962963,0.1398117488013101,-0.0617283950617282,-4.748337716414655,15.082021968387224,22.24930812862056,0.5246913580246912,23.062041349470636
LOESSCorrector,23,0.013,0.4814814814814814,0.1549370419507547,-0.0123456790123456,-0.9496675432829292,38.01173931167578,45.25914054500391,0.4938271604938271,39.89587676082198
LOESSCorrector,24,0.013,0.478395061728395,0.15646656611897,-0.0092592592592592,-0.7122506574621991,23.01013720333261,23.60752878417857,0.4876543209876542,28.89041707997307
LOESSCorrector,25,0.013,0.4722222222222222,0.1498742042244319,-0.0092592592592592,-0.7122506574621991,31.455555583337265,28.21667867496552,0.4814814814814814,33.99107814630658
LOESSCorrector,26,0.013,0.5030864197530864,0.154073876226527,-0.0030864197530864,-0.2374168858207344,26.011758486505776,23.09133168298676,0.5061728395061729,36.07572107612504
LOESSCorrector,27,0.013,0.4814814814814814,0.160908770342433,-0.0030864197530863,-0.2374168858207301,65.29687366201014,60.59966693466416,0.4845679012345678,59.97262674574255
LOESSCorrector,28,0.013,0.4691358024691358,0.1425110664273481,-0.0185185185185184,-1.424501314924394,54.28864969244516,44.03993607753909,0.4876543209876542,56.45687201244765
LOESSCorrector,29,0.013,0.4814814814814814,0.1532680125671004,-0.0061728395061728,-0.4748337716414646,43.92507995269898,39.334011941888924,0.4876543209876542,49.61038194674126
LOESSCorrector,30,0.013,0.4753086419753086,0.1466617823520583,-0.0061728395061728,-0.4748337716414646,141.6181276556443,117.15041141939446,0.4814814814814814,128.8599398887483
LOESSCorrector,0,0.0169,0.5123456790123456,0.1577399054219832,-0.0185185185185187,-1.0957702617010918,9.061172027315374,12.973812444144125,0.5308641975308643,9.168907954552049
LOESSCorrector,1,0.0169,0.4753086419753086,0.1437092188496644,0.0030864197530864,0.1826283769501809,22.71649600503362,19.5157265374092,0.4722222222222222,33.77667483416764
LOESSCorrector,2,0.0169,0.5771604938271605,0.1176893578082569,0.0030864197530864,0.1826283769501809,8.44856296587375,12.354800427550636,0.5740740740740741,11.816788244580854
LOESSCorrector,3,0.0169,0.5092592592592592,0.1645961929132516,0.009259259259259,0.5478851308505295,6.7897758717201455,12.787322269302017,0.5000000000000001,14.581531813810592
LOESSCorrector,4,0.0169,0.580246913580247,0.193978473610749,-0.0216049382716047,-1.2783986386512465,8.128683305458335,11.929189835519097,0.6018518518518517,8.4158085563581
LOESSCorrector,5,0.0169,0.4722222222222222,0.1398117488013102,-0.0246913580246913,-1.4610270156014404,7.384108700175195,12.96270086145322,0.4969135802469135,18.62026229816613
LOESSCorrector,6,0.0169,0.478395061728395,0.1485975693482805,-0.0061728395061728,-0.3652567539003585,26.969250862981813,25.146647789578108,0.4845679012345678,34.90798298314577
LOESSCorrector,7,0.0169,0.4475308641975308,0.1523953937731914,-0.0493827160493827,-2.922054031202881,27.4230399581662,39.62205864546897,0.4969135802469135,30.51096333344792
LOESSCorrector,8,0.0169,0.4691358024691358,0.1495560671553792,-0.015432098765432,-0.9131418847508944,20.362178670907984,21.14085048469194,0.4845679012345678,25.9828561574089
LOESSCorrector,9,0.0169,0.4691358024691358,0.1388545911012591,-0.0061728395061728,-0.3652567539003585,21.97418943788048,21.722247181938798,0.4753086419753086,26.47473479327075
LOESSCorrector,10,0.0169,0.6697530864197532,0.1944199475064645,0.0864197530864198,5.113594554605045,7.764498314983581,14.695124836595816,0.5833333333333334,15.588235109929796
LOESSCorrector,11,0.0169,0.4722222222222222,0.156039810614377,-0.0061728395061728,-0.3652567539003585,34.10977694837669,29.60759928078552,0.478395061728395,40.44292499063709
LOESSCorrector,12,0.0169,0.4753086419753086,0.1454879475233663,-0.0123456790123456,-0.730513507800717,12.87990105722113,15.677364724912776,0.4876543209876542,19.679643475519555
LOESSCorrector,13,0.0169,0.4845679012345678,0.1566491054376484,-0.0246913580246914,-1.461027015601447,31.565739020773613,36.76086842594265,0.5092592592592593,39.63121784075345
LOESSCorrector,14,0.0169,0.4660493827160494,0.1445024680335756,-0.0185185185185184,-1.0957702617010754,24.18671149851384,23.659137882541494,0.4845679012345678,28.42816200644789
LOESSCorrector,15,0.0169,0.4753086419753086,0.1616765537494913,-0.0092592592592591,-0.547885130850536,24.159908789363303,20.04846520055117,0.4845679012345678,30.48030659946083
LOESSCorrector,16,0.0169,0.4753086419753086,0.1454879475233663,-0.0185185185185184,-1.0957702617010754,27.02144733459472,27.321427550739408,0.4938271604938271,35.6406719934226
LOESSCorrector,17,0.0169,0.4814814814814814,0.1422434397753446,-0.0123456790123456,-0.730513507800717,19.271315904823236,17.258359400484284,0.4938271604938271,23.1023523310738
LOESSCorrector,18,0.0169,0.4753086419753086,0.1595413331274084,-0.0185185185185184,-1.0957702617010754,45.88761619177809,47.2098034476589,0.4938271604938271,51.931989871637775
LOESSCorrector,19,0.0169,0.4814814814814814,0.1532680125671004,-0.0061728395061728,-0.3652567539003585,60.76792471685657,59.15875997765024,0.4876543209876542,61.38349961491213
LOESSCorrector,20,0.0169,0.5,0.1865689044408322,0.0061728395061729,0.365256753900365,18.11278374389849,16.778224914874233,0.4938271604938271,23.27253935146643
LOESSCorrector,21,0.0169,0.4722222222222222,0.1538263678318162,-0.0308641975308642,-1.8262837695018024,48.20690458046629,44.38208731311197,0.5030864197530864,57.02746217125432
LOESSCorrector,22,0.0169,0.4814814814814814,0.1341794143165688,-0.0462962962962963,-2.739425654252704,15.082021968387224,22.3065073227201,0.5277777777777778,23.062041349470636
LOESSCorrector,23,0.0169,0.4814814814814814,0.1549370419507547,-0.0061728395061728,-0.3652567539003585,38.01173931167578,45.30537571348109,0.4876543209876542,39.89587676082198
LOESSCorrector,24,0.0169,0.4814814814814814,0.1587632240692801,-0.0154320987654321,-0.9131418847509012,23.01013720333261,23.59294918572073,0.4969135802469135,28.89041707997307
LOESSCorrector,25,0.0169,0.4691358024691358,0.1529569344859736,-0.015432098765432,-0.9131418847508944,31.455555583337265,28.17658403664467,0.4845679012345678,33.99107814630658
LOESSCorrector,26,0.0169,0.5216049382716049,0.1497470305025704,-0.0030864197530863,-0.1826283769501743,26.011758486505776,23.1243092331808,0.5246913580246912,36.07572107612504
LOESSCorrector,27,0.0169,0.478395061728395,0.1581018330230333,-0.0061728395061728,-0.3652567539003585,65.29687366201014,60.55407208957215,0.4845679012345678,59.97262674574255
LOESSCorrector,28,0.0169,0.4691358024691358,0.1454879475233663,-0.0246913580246912,-1.461027015601434,54.28864969244516,44.00871654237703,0.4938271604938271,56.45687201244765
LOESSCorrector,29,0.0169,0.4845679012345678,0.155550656399434,-0.0030864197530864,-0.1826283769501809,43.92507995269898,39.305409437871305,0.4876543209876542,49.61038194674126
LOESSCorrector,30,0.0169,0.4753086419753086,0.1489817084709527,-0.0061728395061728,-0.3652567539003585,141.6181276556443,117.14603288845193,0.4814814814814814,128.8599398887483
LOESSCorrector,0,0.022,0.5493827160493827,0.1618532173102086,-0.0092592592592593,-0.4208754017447227,9.061172027315374,13.04134743706676,0.558641975308642,9.168907954552049
LOESSCorrector,1,0.022,0.4753086419753086,0.1529569344859736,0.0,0.0,22.71649600503362,19.48406900368973,0.4753086419753086,33.77667483416764
LOESSCorrector,2,0.022,0.6049382716049384,0.105391179499777,0.0123456790123457,0.5611672023262969,8.44856296587375,12.45769596047473,0.5925925925925927,11.816788244580854
LOESSCorrector,3,0.022,0.54320987654321,0.1555506563994339,0.0339506172839505,1.5432098063973063,6.7897758717201455,12.874785198489564,0.5092592592592594,14.581531813810592
LOESSCorrector,4,0.022,0.6234567901234569,0.1955923397253686,-0.0030864197530863,-0.1402918005815691,8.128683305458335,12.05192757256315,0.6265432098765432,8.4158085563581
LOESSCorrector,5,0.022,0.4753086419753086,0.1394706608357408,-0.0339506172839505,-1.5432098063973063,7.384108700175195,13.01563315882519,0.5092592592592592,18.62026229816613
LOESSCorrector,6,0.022,0.4845679012345678,0.1476328486802642,-0.0092592592592592,-0.4208754017447201,26.969250862981813,25.11000350700924,0.4938271604938271,34.90798298314577
LOESSCorrector,7,0.022,0.4382716049382716,0.1575586298530891,-0.0462962962962962,-2.104377008723601,27.4230399581662,39.56867373277207,0.4845679012345678,30.51096333344792
LOESSCorrector,8,0.022,0.4598765432098766,0.1538882822508384,-0.0246913580246913,-1.1223344046525887,20.362178670907984,21.141383825005803,0.4845679012345679,25.9828561574089
LOESSCorrector,9,0.022,0.4691358024691358,0.1299232418509209,-0.0123456790123456,-0.5611672023262919,21.97418943788048,21.718904549127267,0.4814814814814814,26.47473479327075
LOESSCorrector,10,0.022,0.6820987654320988,0.1800734832816645,0.074074074074074,3.3670032139577666,7.764498314983581,14.856829354433197,0.6080246913580247,15.588235109929796
LOESSCorrector,11,0.022,0.4722222222222222,0.1487257259648982,-0.0061728395061728,-0.2805836011631459,34.10977694837669,29.573238597809308,0.478395061728395,40.44292499063709
LOESSCorrector,12,0.022,0.4814814814814814,0.1410328352937761,-0.015432098765432,-0.7014590029078661,12.87990105722113,15.68413529414332,0.4969135802469135,19.679643475519555
LOESSCorrector,13,0.022,0.4814814814814814,0.1481481481481481,-0.0308641975308642,-1.4029180058157398,31.565739020773613,36.83276900708029,0.5123456790123457,39.63121784075345
LOESSCorrector,14,0.022,0.462962962962963,0.1428448946346436,-0.0185185185185184,-0.8417508034894379,24.18671149851384,23.63942980006164,0.4814814814814814,28.42816200644789
LOESSCorrector,15,0.022,0.4691358024691358,0.1643065636321748,-0.0216049382716048,-0.982042604071012,24.159908789363303,20.0133114190012,0.4907407407407407,30.48030659946083
LOESSCorrector,16,0.022,0.4876543209876542,0.1476328486802641,-0.0092592592592592,-0.4208754017447201,27.02144733459472,27.311704080437867,0.4969135802469135,35.6406719934226
LOESSCorrector,17,0.022,0.5030864197530864,0.1512660587017635,-0.0030864197530864,-0.1402918005815742,19.271315904823236,17.25314444053965,0.5061728395061729,23.1023523310738
LOESSCorrector,18,0.022,0.462962962962963,0.1671802785672943,-0.0339506172839505,-1.5432098063973063,45.88761619177809,47.15316675803864,0.4969135802469135,51.931989871637775
LOESSCorrector,19,0.022,0.4814814814814814,0.1532680125671004,-0.0092592592592593,-0.4208754017447227,60.76792471685657,59.219250330334525,0.4907407407407407,61.38349961491213
LOESSCorrector,20,0.022,0.5216049382716049,0.1841535048169913,1.1102230246251563e-16,5.0464680643658005e-15,18.11278374389849,16.823487026008106,0.5216049382716048,23.27253935146643
LOESSCorrector,21,0.022,0.4722222222222222,0.1538263678318162,-0.0339506172839506,-1.5432098063973114,48.20690458046629,44.36412589817183,0.5061728395061729,57.02746217125432
LOESSCorrector,22,0.022,0.4814814814814814,0.1440402702417041,-0.0555555555555556,-2.5252524104683287,15.082021968387224,22.39104658499245,0.5370370370370371,23.062041349470636
LOESSCorrector,23,0.022,0.4845679012345678,0.1510770154385236,-0.0061728395061728,-0.2805836011631484,38.01173931167578,45.37128497371144,0.4907407407407407,39.89587676082198
LOESSCorrector,24,0.022,0.4722222222222222,0.1635511271542194,-0.0277777777777777,-1.262626205234163,23.01013720333261,23.58369160085049,0.5,28.89041707997307
LOESSCorrector,25,0.022,0.462962962962963,0.1549370419507547,-0.0308641975308641,-1.402918005815735,31.455555583337265,28.132701264183428,0.4938271604938272,33.99107814630658
LOESSCorrector,26,0.022,0.5401234567901234,0.1641325407445472,0.0030864197530863,0.1402918005815691,26.011758486505776,23.177396243786525,0.5370370370370371,36.07572107612504
LOESSCorrector,27,0.022,0.4845679012345679,0.1625579516328851,-0.0092592592592591,-0.4208754017447151,65.29687366201014,60.499494458068206,0.4938271604938271,59.97262674574255
LOESSCorrector,28,0.022,0.4660493827160494,0.1497470305025704,-0.0339506172839504,-1.543209806397304,54.28864969244516,43.973784810046496,0.4999999999999999,56.45687201244765
LOESSCorrector,29,0.022,0.4814814814814814,0.1543827037086395,-0.0185185185185185,-0.8417508034894429,43.92507995269898,39.27465655429268,0.5,49.61038194674126
LOESSCorrector,30,0.022,0.4753086419753086,0.1489817084709527,-0.0061728395061728,-0.2805836011631459,141.6181276556443,117.1449332200374,0.4814814814814814,128.8599398887483
LOESSCorrector,0,0.0287,0.5987654320987654,0.1533301524490644,-0.0061728395061728,-0.2150815084003957,9.061172027315374,13.15728284228223,0.6049382716049383,9.168907954552049
LOESSCorrector,1,0.0287,0.478395061728395,0.1548140272096846,-0.0030864197530864,-0.1075407542001978,22.71649600503362,19.461988929067573,0.4814814814814814,33.77667483416764
LOESSCorrector,2,0.0287,0.6388888888888888,0.0897718492114135,0.0092592592592593,0.3226222626005937,8.44856296587375,12.620781426070954,0.6296296296296295,11.816788244580854
LOESSCorrector,3,0.0287,0.5740740740740741,0.1510139484287045,0.0308641975308641,1.075407542001971,6.7897758717201455,13.017233725143017,0.54320987654321,14.581531813810592
LOESSCorrector,4,0.0287,0.6635802469135803,0.1754107683750966,-0.015432098765432,-0.5377037710009855,8.128683305458335,12.241779417693296,0.6790123456790124,8.4158085563581
LOESSCorrector,5,0.0287,0.5123456790123456,0.1722874782339859,-0.0030864197530865,-0.1075407542002017,7.384108700175195,13.114143898545692,0.5154320987654322,18.62026229816613
LOESSCorrector,6,0.0287,0.4845679012345678,0.1476328486802642,-0.021604938271605,-0.7527852794013852,26.969250862981813,25.07798397193315,0.5061728395061729,34.90798298314577
LOESSCorrector,7,0.0287,0.4351851851851852,0.1645961929132516,-0.0462962962962962,-1.6131113130029586,27.4230399581662,39.50979067879165,0.4814814814814814,30.51096333344792
LOESSCorrector,8,0.0287,0.4660493827160494,0.1491734070814144,-0.0308641975308641,-1.075407542001973,20.362178670907984,21.16075571579704,0.4969135802469135,25.9828561574089
LOESSCorrector,9,0.0287,0.4845679012345679,0.1355215950623466,-0.0061728395061727,-0.2150815084003919,21.97418943788048,21.733049479331505,0.4907407407407407,26.47473479327075
LOESSCorrector,10,0.0287,0.6975308641975309,0.1699493814560025,0.0617283950617283,2.150815084003946,7.764498314983581,15.090539504372016,0.6358024691358025,15.588235109929796
LOESSCorrector,11,0.0287,0.4814814814814814,0.152707615763617,-0.0030864197530864,-0.1075407542001998,34.10977694837669,29.54209072413524,0.4845679012345679,40.44292499063709
LOESSCorrector,12,0.0287,0.5092592592592592,0.1341794143165689,0.0061728395061726,0.215081508400388,12.87990105722113,15.717812071363191,0.5030864197530865,19.679643475519555
LOESSCorrector,13,0.0287,0.4753086419753086,0.1419081966984278,-0.0401234567901235,-1.3980298046025688,31.565739020773613,36.937734404885255,0.5154320987654322,39.63121784075345
LOESSCorrector,14,0.0287,0.478395061728395,0.1468565093008681,-0.0092592592592592,-0.3226222626005917,24.18671149851384,23.63004487100265,0.4876543209876542,28.42816200644789
LOESSCorrector,15,0.0287,0.4722222222222222,0.1666666666666666,-0.0277777777777776,-0.9678667878017732,24.159908789363303,19.987161888002845,0.4999999999999999,30.48030659946083
LOESSCorrector,16,0.0287,0.4907407407407407,0.141032835293776,-0.0123456790123457,-0.4301630168007915,27.02144733459472,27.31356124248564,0.5030864197530864,35.6406719934226
LOESSCorrector,17,0.0287,0.5092592592592592,0.1515806068865268,0.0,0.0,19.271315904823236,17.268404956406222,0.5092592592592592,23.1023523310738
LOESSCorrector,18,0.0287,0.4598765432098765,0.1630845038718877,-0.037037037037037,-1.290489050402369,45.88761619177809,47.08911779956605,0.4969135802469135,51.931989871637775
LOESSCorrector,19,0.0287,0.4876543209876544,0.1566491054376484,-0.0092592592592591,-0.3226222626005898,60.76792471685657,59.30609282887204,0.4969135802469135,61.38349961491213
LOESSCorrector,20,0.0287,0.5493827160493826,0.1850822759329006,-1.1102230246251563e-16,-3.868372773315083e-15,18.11278374389849,16.90554873459302,0.5493827160493827,23.27253935146643
LOESSCorrector,21,0.0287,0.478395061728395,0.150887735328152,-0.0277777777777778,-0.967866787801779,48.20690458046629,44.35040620522752,0.5061728395061729,57.02746217125432
LOESSCorrector,22,0.0287,0.4938271604938272,0.1597203584313038,-0.0432098765432097,-1.5055705588027608,15.082021968387224,22.518401557649188,0.537037037037037,23.062041349470636
LOESSCorrector,23,0.0287,0.4845679012345678,0.1549985127097496,-0.0092592592592592,-0.3226222626005917,38.01173931167578,45.4670441567828,0.4938271604938271,39.89587676082198
LOESSCorrector,24,0.0287,0.4753086419753086,0.1595413331274084,-0.0277777777777777,-0.9678667878017772,23.01013720333261,23.588184613744435,0.5030864197530864,28.89041707997307
LOESSCorrector,25,0.0287,0.4567901234567901,0.1549985127097496,-0.0277777777777776,-0.9678667878017732,31.455555583337265,28.089628346474782,0.4845679012345678,33.99107814630658
LOESSCorrector,26,0.0287,0.5524691358024691,0.1719554108294335,0.0061728395061728,0.2150815084003957,26.011758486505776,23.263894234721132,0.5462962962962963,36.07572107612504
LOESSCorrector,27,0.0287,0.4845679012345679,0.1625579516328851,-0.0092592592592591,-0.3226222626005878,65.29687366201014,60.43638233501039,0.4938271604938271,59.97262674574255
LOESSCorrector,28,0.0287,0.4629629629629629,0.1521451548625461,-0.0401234567901235,-1.3980298046025688,54.28864969244516,43.93792235821815,0.5030864197530864,56.45687201244765
LOESSCorrector,29,0.0287,0.4876543209876542,0.1538882822508384,-0.0092592592592593,-0.3226222626005937,43.92507995269898,39.24556672723117,0.4969135802469135,49.61038194674126
LOESSCorrector,30,0.0287,0.4814814814814814,0.1543827037086395,0.0,0.0,141.6181276556443,117.15131040761084,0.4814814814814814,128.8599398887483
LOESSCorrector,0,0.0373,0.6635802469135803,0.1388545911012591,0.0277777777777777,0.744712520993707,9.061172027315374,13.349183800767786,0.6358024691358025,9.168907954552049
LOESSCorrector,1,0.0373,0.4567901234567901,0.1538882822508384,-0.0401234567901234,-1.075695863657575,22.71649600503362,19.4655761745674,0.4969135802469135,33.77667483416764
LOESSCorrector,2,0.0373,0.7098765432098766,0.0829322768058297,0.0277777777777777,0.744712520993707,8.44856296587375,12.873713732485314,0.6820987654320988,11.816788244580854
LOESSCorrector,3,0.0373,0.6327160493827161,0.1514548660047567,0.0555555555555555,1.489425041987414,6.7897758717201455,13.243376311831788,0.5771604938271605,14.581531813810592
LOESSCorrector,4,0.0373,0.7006172839506173,0.1618532173102085,-0.0092592592592593,-0.2482375069979033,8.128683305458335,12.529769014896274,0.7098765432098766,8.4158085563581
LOESSCorrector,5,0.0373,0.5462962962962963,0.1761694221337078,0.0061728395061727,0.1654916713319325,7.384108700175195,13.28666559537908,0.5401234567901235,18.62026229816613
LOESSCorrector,6,0.0373,0.4907407407407407,0.1475683097269372,-0.0123456790123456,-0.3309833426638681,26.969250862981813,25.063288747550605,0.5030864197530863,34.90798298314577
LOESSCorrector,7,0.0373,0.441358024691358,0.1653468547651713,-0.0462962962962962,-1.2411875349895092,27.4230399581662,39.45266402541339,0.4876543209876542,30.51096333344792
LOESSCorrector,8,0.0373,0.5030864197530865,0.1512660587017635,-0.0154320987654319,-0.4137291783298329,20.362178670907984,21.21597764300559,0.5185185185185185,25.9828561574089
LOESSCorrector,9,0.0373,0.5185185185185186,0.1481481481481481,0.0092592592592593,0.2482375069979033,21.97418943788048,21.78137238333141,0.5092592592592593,26.47473479327075
LOESSCorrector,10,0.0373,0.7314814814814815,0.1702294102856503,0.058641975308642,1.5721708776533816,7.764498314983581,15.423405705833442,0.6728395061728395,15.588235109929796
LOESSCorrector,11,0.0373,0.4814814814814814,0.15876322406928,-0.0123456790123456,-0.3309833426638681,34.10977694837669,29.52501829055445,0.4938271604938271,40.44292499063709
LOESSCorrector,12,0.0373,0.5308641975308642,0.157920972906988,-0.0061728395061728,-0.1654916713319355,12.87990105722113,15.80115028977104,0.5370370370370371,19.679643475519555
LOESSCorrector,13,0.0373,0.4907407407407407,0.1475683097269373,-0.0339506172839506,-0.9102041923256424,31.565739020773613,37.08939055593214,0.5246913580246914,39.63121784075345
LOESSCorrector,14,0.0373,0.4969135802469135,0.1388545911012591,0.0123456790123456,0.3309833426638681,24.18671149851384,23.64495414781596,0.4845679012345679,28.42816200644789
LOESSCorrector,15,0.0373,0.4907407407407407,0.1493010694129361,-0.0216049382716048,-0.5792208496617699,24.159908789363303,19.98640450868125,0.5123456790123456,30.48030659946083
LOESSCorrector,16,0.0373,0.5030864197530864,0.1437092188496644,-0.0154320987654321,-0.4137291783298388,27.02144733459472,27.339801996115227,0.5185185185185186,35.6406719934226
LOESSCorrector,17,0.0373,0.5524691358024691,0.1616765537494913,0.0123456790123456,0.3309833426638681,19.271315904823236,17.32393979545349,0.5401234567901235,23.1023523310738
LOESSCorrector,18,0.0373,0.4506172839506173,0.1570135474318136,-0.0401234567901234,-1.0756958636575766,45.88761619177809,47.02387819164478,0.4907407407407407,51.931989871637775
LOESSCorrector,19,0.0373,0.4876543209876542,0.1555506563994339,-0.0216049382716049,-0.5792208496617715,60.76792471685657,59.42948183186704,0.5092592592592592,61.38349961491213
LOESSCorrector,20,0.0373,0.5864197530864197,0.1807071749173389,0.0154320987654319,0.4137291783298329,18.11278374389849,17.047139337802616,0.5709876543209877,23.27253935146643
LOESSCorrector,21,0.0373,0.4907407407407407,0.15876322406928,-0.0339506172839506,-0.910204192325641,48.20690458046629,44.348929421057385,0.5246913580246914,57.02746217125432
LOESSCorrector,22,0.0373,0.5308641975308643,0.1714561038559401,-0.0154320987654319,-0.4137291783298329,15.082021968387224,22.70790917400129,0.5462962962962963,23.062041349470636
LOESSCorrector,23,0.0373,0.4907407407407407,0.1576795033882074,-0.015432098765432,-0.4137291783298358,38.01173931167578,45.60476558946488,0.5061728395061728,39.89587676082198
LOESSCorrector,24,0.0373,0.4876543209876542,0.1687681865986705,-0.0308641975308643,-0.8274583566596777,23.01013720333261,23.621096551291757,0.5185185185185186,28.89041707997307
LOESSCorrector,25,0.0373,0.4506172839506173,0.1497470305025704,-0.0432098765432099,-1.1584416993235442,31.455555583337265,28.05824317473783,0.4938271604938272,33.99107814630658
LOESSCorrector,26,0.0373,0.5679012345679013,0.1795967472342735,0.0154320987654322,0.4137291783298418,26.011758486505776,23.401889498036955,0.552469135802469,36.07572107612504
LOESSCorrector,27,0.0373,0.4876543209876544,0.158282486480964,-0.0185185185185184,-0.4964750139958036,65.29687366201014,60.36943459024635,0.5061728395061729,59.97262674574255
LOESSCorrector,28,0.0373,0.4691358024691357,0.1501282284816704,-0.0401234567901235,-1.0756958636575795,54.28864969244516,43.908301902992285,0.5092592592592593,56.45687201244765
LOESSCorrector,29,0.0373,0.4753086419753086,0.1627336583514082,-0.0308641975308642,-0.8274583566596747,43.92507995269898,39.22672552099794,0.5061728395061729,49.61038194674126
LOESSCorrector,30,0.0373,0.4845679012345678,0.1566491054376484,-0.0092592592592592,-0.2482375069979018,141.6181276556443,117.17219859234484,0.4938271604938271,128.8599398887483
LOESSCorrector,0,0.0486,0.7037037037037037,0.1228379551983481,0.0308641975308642,0.6350657797489392,9.061172027315374,13.669592693681071,0.6728395061728395,9.168907954552049
LOESSCorrector,1,0.0486,0.4938271604938272,0.1803906073605242,-0.0185185185185184,-0.3810394678493615,22.71649600503362,19.52337791742921,0.5123456790123456,33.77667483416764
LOESSCorrector,2,0.0486,0.7623456790123456,0.0849746907280012,0.0092592592592591,0.1905197339246801,8.44856296587375,13.273893677658124,0.7530864197530864,11.816788244580854
LOESSCorrector,3,0.0486,0.6697530864197532,0.1363624816936698,0.037037037037037,0.7620789356987275,6.7897758717201455,13.608451201174493,0.6327160493827161,14.581531813810592
LOESSCorrector,4,0.0486,0.7561728395061729,0.15646656611897,-0.0061728395061728,-0.1270131559497883,8.128683305458335,12.976291874872,0.7623456790123457,8.4158085563581
LOESSCorrector,5,0.0486,0.6111111111111112,0.1549370419507547,0.0432098765432099,0.8890920916485158,7.384108700175195,13.586702724265807,0.5679012345679012,18.62026229816613
LOESSCorrector,6,0.0486,0.5123456790123456,0.162557951632885,-0.0154320987654321,-0.3175328898744707,26.969250862981813,25.08801081622598,0.5277777777777778,34.90798298314577
LOESSCorrector,7,0.0486,0.4660493827160494,0.1650008198101686,-0.0185185185185184,-0.3810394678493615,27.4230399581662,39.40849617124816,0.4845679012345678,30.51096333344792
LOESSCorrector,8,0.0486,0.5401234567901234,0.1707880905216904,-0.0030864197530864,-0.0635065779748941,20.362178670907984,21.338605707556745,0.5432098765432098,25.9828561574089
LOESSCorrector,9,0.0486,0.5401234567901234,0.1614996969376682,0.0030864197530863,0.0635065779748918,21.97418943788048,21.894693715086245,0.5370370370370371,26.47473479327075
LOESSCorrector,10,0.0486,0.7746913580246914,0.1495560671553792,0.0586419753086419,1.206624981522982,7.764498314983581,15.911417051898766,0.7160493827160495,15.588235109929796
LOESSCorrector,11,0.0486,0.4907407407407407,0.160375074774896,-0.0092592592592591,-0.190519733924679,34.10977694837669,29.54079866519768,0.4999999999999999,40.44292499063709
LOESSCorrector,12,0.0486,0.5648148148148149,0.1289665581220752,0.0,0.0,12.87990105722113,15.97618916299854,0.5648148148148149,19.679643475519555
LOESSCorrector,13,0.0486,0.5061728395061728,0.1623820547897025,-0.0401234567901235,-0.8255855136736217,31.565739020773613,37.316315812361566,0.5462962962962963,39.63121784075345
LOESSCorrector,14,0.0486,0.5277777777777777,0.1469861839480328,-0.0030864197530866,-0.0635065779748987,24.18671149851384,23.7093071897935,0.5308641975308643,28.42816200644789
LOESSCorrector,15,0.0486,0.5246913580246914,0.1369897593899515,1.1102230246251563e-16,2.2844094686853125e-15,24.159908789363303,20.040006049483324,0.5246913580246912,30.48030659946083
LOESSCorrector,16,0.0486,0.5277777777777778,0.139197188688638,0.0030864197530865,0.0635065779748964,27.02144733459472,27.41385109010918,0.5246913580246912,35.6406719934226
LOESSCorrector,17,0.0486,0.5987654320987654,0.1875365127279421,0.0061728395061728,0.1270131559497883,19.271315904823236,17.456071344540447,0.5925925925925926,23.1023523310738
LOESSCorrector,18,0.0486,0.4506172839506173,0.1711224231559149,-0.0432098765432097,-0.8890920916485124,45.88761619177809,46.9665447431528,0.4938271604938271,51.931989871637775
LOESSCorrector,19,0.0486,0.4876543209876542,0.1487897628789376,-0.0308641975308642,-0.6350657797489392,60.76792471685657,59.611192722322414,0.5185185185185185,61.38349961491213
LOESSCorrector,20,0.0486,0.6388888888888888,0.1742119233539517,0.0246913580246913,0.508052623799151,18.11278374389849,17.291817128497687,0.6141975308641975,23.27253935146643
LOESSCorrector,21,0.0486,0.5030864197530864,0.1622059672033446,-0.0370370370370369,-0.7620789356987252,48.20690458046629,44.37385655626869,0.5401234567901234,57.02746217125432
LOESSCorrector,22,0.0486,0.5617283950617283,0.1993550032340141,-0.0123456790123457,-0.2540263118995766,15.082021968387224,22.998929191654163,0.5740740740740741,23.062041349470636
LOESSCorrector,23,0.0486,0.5,0.1582222915799543,-0.0185185185185186,-0.3810394678493649,38.01173931167578,45.81000214917746,0.5185185185185186,39.89587676082198
LOESSCorrector,24,0.0486,0.5185185185185186,0.1847216420672222,-0.0154320987654319,-0.3175328898744662,23.01013720333261,23.70929874075209,0.5339506172839505,28.89041707997307
LOESSCorrector,25,0.0486,0.4567901234567901,0.1630845038718877,-0.0432098765432098,-0.8890920916485135,31.455555583337265,28.05694824011237,0.5,33.99107814630658
LOESSCorrector,26,0.0486,0.611111111111111,0.1800205749557739,0.037037037037037,0.7620789356987275,26.011758486505776,23.62713635256709,0.574074074074074,36.07572107612504
LOESSCorrector,27,0.0486,0.4969135802469135,0.1573771454812588,-0.0123456790123456,-0.2540263118995743,65.29687366201014,60.30496993142221,0.5092592592592592,59.97262674574255
LOESSCorrector,28,0.0486,0.478395061728395,0.1559176659298159,-0.0277777777777778,-0.5715592017740462,54.28864969244516,43.89678022224985,0.5061728395061729,56.45687201244765
LOESSCorrector,29,0.0486,0.4753086419753086,0.1562838135947181,-0.0401234567901235,-0.8255855136736217,43.92507995269898,39.232810480068494,0.5154320987654322,49.61038194674126
LOESSCorrector,30,0.0486,0.4845679012345678,0.155550656399434,-0.0123456790123457,-0.2540263118995766,141.6181276556443,117.22065432202469,0.4969135802469135,128.8599398887483
LOESSCorrector,0,0.0632,0.7716049382716049,0.1240725385323566,0.0370370370370369,0.5860290577691126,9.061172027315374,14.185899814124948,0.7345679012345679,9.168907954552049
LOESSCorrector,1,0.0632,0.5401234567901235,0.1916067678415896,0.0030864197530865,0.0488357548140947,22.71649600503362,19.6834167658394,0.537037037037037,33.77667483416764
LOESSCorrector,2,0.0632,0.8055555555555557,0.0752225778207033,0.006172839506173,0.0976715096281895,8.44856296587375,13.890280460566872,0.7993827160493826,11.816788244580854
LOESSCorrector,3,0.0632,0.7376543209876543,0.1048474552559446,0.058641975308642,0.9278793414677636,6.7897758717201455,14.180719741369591,0.6790123456790123,14.581531813810592
LOESSCorrector,4,0.0632,0.808641975308642,0.1658645536116593,-0.0092592592592591,-0.1465072644422772,8.128683305458335,13.651423025483831,0.8179012345679012,8.4158085563581
LOESSCorrector,5,0.0632,0.6635802469135803,0.1595413331274084,0.0308641975308642,0.4883575481409283,7.384108700175195,14.084882540246586,0.6327160493827161,18.62026229816613
LOESSCorrector,6,0.0632,0.5648148148148148,0.1906598174256852,-0.0061728395061729,-0.0976715096281877,26.969250862981813,25.19123413914796,0.5709876543209877,34.90798298314577
LOESSCorrector,7,0.0632,0.4598765432098765,0.1593621067089578,-0.0432098765432099,-0.6837005673973005,27.4230399581662,39.40185525030737,0.5030864197530864,30.51096333344792
LOESSCorrector,8,0.0632,0.6172839506172839,0.1553668265265829,0.0370370370370368,0.5860290577691109,20.362178670907984,21.57679078735181,0.580246913580247,25.9828561574089
LOESSCorrector,9,0.0632,0.6203703703703705,0.1906598174256852,0.0339506172839507,0.5371933029550231,21.97418943788048,22.12063449378972,0.5864197530864197,26.47473479327075
LOESSCorrector,10,0.0632,0.824074074074074,0.1235339265196883,0.0617283950617283,0.9767150962818548,7.764498314983581,16.615522371803113,0.7623456790123456,15.588235109929796
LOESSCorrector,11,0.0632,0.5216049382716049,0.1548140272096846,0.0092592592592593,0.146507264442279,34.10977694837669,29.62316501516612,0.5123456790123456,40.44292499063709
LOESSCorrector,12,0.0632,0.6049382716049383,0.115483252678208,0.0246913580246913,0.3906860385127423,12.87990105722113,16.304878877479734,0.5802469135802469,19.679643475519555
LOESSCorrector,13,0.0632,0.5246913580246912,0.1622059672033446,-0.04320987654321,-0.6837005673973021,31.565739020773613,37.65323911698783,0.5679012345679013,39.63121784075345
LOESSCorrector,14,0.0632,0.5895061728395061,0.1503184649615546,0.0123456790123456,0.1953430192563703,24.18671149851384,23.86449365973349,0.5771604938271605,28.42816200644789
LOESSCorrector,15,0.0632,0.6018518518518519,0.1635511271542194,0.0432098765432099,0.6837005673973005,24.159908789363303,20.19714014060049,0.5586419753086419,30.48030659946083
LOESSCorrector,16,0.0632,0.5617283950617284,0.1390602509391211,0.0185185185185186,0.2930145288845581,27.02144733459472,27.57319499425496,0.5432098765432098,35.6406719934226
LOESSCorrector,17,0.0632,0.6604938271604939,0.1765475264947542,0.0246913580246913,0.3906860385127423,19.271315904823236,17.720446001708094,0.6358024691358025,23.1023523310738
LOESSCorrector,18,0.0632,0.4691358024691358,0.1935359926739615,-0.0339506172839506,-0.5371933029550205,45.88761619177809,46.93877859131708,0.5030864197530864,51.931989871637775
LOESSCorrector,19,0.0632,0.4907407407407407,0.1571348402636772,-0.0339506172839507,-0.5371933029550231,60.76792471685657,59.87719757119293,0.5246913580246915,61.38349961491213
LOESSCorrector,20,0.0632,0.7006172839506173,0.1390602509391211,0.0339506172839506,0.5371933029550213,18.11278374389849,17.698662252786722,0.6666666666666666,23.27253935146643
LOESSCorrector,21,0.0632,0.5185185185185186,0.1635511271542194,-0.0339506172839505,-0.5371933029550197,48.20690458046629,44.44964030742912,0.5524691358024691,57.02746217125432
LOESSCorrector,22,0.0632,0.5987654320987654,0.1951535180189782,0.0030864197530864,0.048835754814093,15.082021968387224,23.44006508125828,0.595679012345679,23.062041349470636
LOESSCorrector,23,0.0632,0.5123456790123457,0.1636093614901058,-0.0154320987654321,-0.244178774070465,38.01173931167578,46.11375702684025,0.5277777777777779,39.89587676082198
LOESSCorrector,24,0.0632,0.5771604938271605,0.1789591236336324,0.015432098765432,0.2441787740704633,23.01013720333261,23.89535644440399,0.5617283950617284,28.89041707997307
LOESSCorrector,25,0.0632,0.4845679012345678,0.1702853607917743,-0.0308641975308643,-0.4883575481409301,31.455555583337265,28.12018992755336,0.5154320987654322,33.99107814630658
LOESSCorrector,26,0.0632,0.6604938271604938,0.183687358226747,0.0648148148148146,1.025550851095946,26.011758486505776,23.987089600891853,0.5956790123456791,36.07572107612504
LOESSCorrector,27,0.0632,0.5123456790123457,0.1662087903436575,-0.0092592592592591,-0.1465072644422772,65.29687366201014,60.260004785299294,0.5216049382716049,59.97262674574255
LOESSCorrector,28,0.0632,0.4969135802469135,0.1562838135947181,-0.0185185185185186,-0.2930145288845581,54.28864969244516,43.926473087199085,0.5154320987654322,56.45687201244765
LOESSCorrector,29,0.0632,0.4969135802469135,0.1632596438942987,-0.0370370370370369,-0.5860290577691126,43.92507995269898,39.29074369758499,0.5339506172839505,49.61038194674126
LOESSCorrector,30,0.0632,0.4845679012345678,0.1516434382288672,-0.0185185185185186,-0.2930145288845581,141.6181276556443,117.31707974147922,0.5030864197530864,128.8599398887483
LOESSCorrector,0,0.0823,0.808641975308642,0.1338239715350543,0.0216049382716049,0.2625144351043801,9.061172027315374,15.007702291886991,0.7870370370370371,9.168907954552049
LOESSCorrector,1,0.0823,0.6080246913580247,0.1944199475064645,0.0277777777777777,0.3375185594199177,22.71649600503362,20.027765774706783,0.5802469135802469,33.77667483416764
LOESSCorrector,2,0.0823,0.8641975308641976,0.0832761577977286,-0.0030864197530863,-0.0375020621577674,8.44856296587375,14.834521942699554,0.8672839506172839,11.816788244580854
LOESSCorrector,3,0.0823,0.8209876543209877,0.0945271162414417,0.0493827160493829,0.6000329945243006,6.7897758717201455,15.07096963503616,0.7716049382716048,14.581531813810592
LOESSCorrector,4,0.0823,0.8641975308641975,0.1501282284816704,0.0092592592592591,0.112506186473305,8.128683305458335,14.668208890873595,0.8549382716049383,8.4158085563581
LOESSCorrector,5,0.0823,0.7314814814814814,0.1335389361282959,0.0216049382716048,0.2625144351043788,7.384108700175195,14.895428839336764,0.7098765432098766,18.62026229816613
LOESSCorrector,6,0.0823,0.6635802469135803,0.2030479531283769,0.037037037037037,0.4500247458932241,26.969250862981813,25.44056865994336,0.6265432098765432,34.90798298314577
LOESSCorrector,7,0.0823,0.4845679012345679,0.180548960521107,-0.0277777777777776,-0.3375185594199164,27.4230399581662,39.47531326295248,0.5123456790123456,30.51096333344792
LOESSCorrector,8,0.0823,0.6944444444444444,0.1635511271542194,0.0308641975308641,0.3750206215776852,20.362178670907984,22.01317458740262,0.6635802469135803,25.9828561574089
LOESSCorrector,9,0.0823,0.7098765432098767,0.1856988760060657,0.04320987654321,0.5250288702087631,21.97418943788048,22.54103461584433,0.6666666666666666,26.47473479327075
LOESSCorrector,10,0.0823,0.8827160493827161,0.1078040073862529,0.0617283950617283,0.7500412431553718,7.764498314983581,17.638422325740144,0.8209876543209877,15.588235109929796
LOESSCorrector,11,0.0823,0.5987654320987654,0.18799311522026,0.0401234567901234,0.4875268080509916,34.10977694837669,29.830774801969884,0.558641975308642,40.44292499063709
LOESSCorrector,12,0.0823,0.6790123456790123,0.0989581453202555,0.0462962962962961,0.5625309323665278,12.87990105722113,16.890337044196198,0.6327160493827161,19.679643475519555
LOESSCorrector,13,0.0823,0.5709876543209876,0.1707880905216904,-0.0308641975308642,-0.3750206215776865,31.565739020773613,38.16229976439208,0.6018518518518519,39.63121784075345
LOESSCorrector,14,0.0823,0.6574074074074073,0.159839597237334,0.0246913580246913,0.3000164972621489,24.18671149851384,24.18205408449234,0.632716049382716,28.42816200644789
LOESSCorrector,15,0.0823,0.6697530864197531,0.1679193889967339,0.0740740740740739,0.9000494917864456,24.159908789363303,20.541869687098284,0.5956790123456791,30.48030659946083
LOESSCorrector,16,0.0823,0.6172839506172839,0.1491734070814145,0.0339506172839505,0.412522683735454,27.02144733459472,27.88308093691105,0.5833333333333334,35.6406719934226
LOESSCorrector,17,0.0823,0.7530864197530864,0.1523953937731915,0.0185185185185186,0.2250123729466127,19.271315904823236,18.21097583690933,0.7345679012345678,23.1023523310738
LOESSCorrector,18,0.0823,0.4907407407407407,0.2131641561707655,-0.0154320987654321,-0.1875103107888432,45.88761619177809,46.9779158187147,0.5061728395061729,51.931989871637775
LOESSCorrector,19,0.0823,0.5030864197530864,0.1495560671553792,-0.037037037037037,-0.4500247458932241,60.76792471685657,60.27461944469439,0.5401234567901235,61.38349961491213
LOESSCorrector,20,0.0823,0.7592592592592592,0.1276300810378724,0.0216049382716048,0.2625144351043788,18.11278374389849,18.366919482236437,0.7376543209876544,23.27253935146643
LOESSCorrector,21,0.0823,0.5493827160493826,0.1864667588517681,-0.0185185185185187,-0.225012372946614,48.20690458046629,44.61924271840114,0.5679012345679013,57.02746217125432
LOESSCorrector,22,0.0823,0.6358024691358026,0.1890542324828834,-0.0061728395061726,-0.0750041243155348,15.082021968387224,24.115748862640874,0.6419753086419753,23.062041349470636
LOESSCorrector,23,0.0823,0.5339506172839505,0.1892053348641247,-0.0277777777777779,-0.3375185594199191,38.01173931167578,46.57186693914621,0.5617283950617284,39.89587676082198
LOESSCorrector,24,0.0823,0.6635802469135803,0.1913082372507621,0.0493827160493827,0.6000329945242979,23.01013720333261,24.252854416002904,0.6141975308641976,28.89041707997307
LOESSCorrector,25,0.0823,0.558641975308642,0.1632596438942986,0.0123456790123457,0.1500082486310751,31.455555583337265,28.30772052665295,0.5462962962962963,33.99107814630658
LOESSCorrector,26,0.0823,0.7253086419753088,0.1974826330005727,0.0895061728395062,1.0875598025752908,26.011758486505776,24.56399113098461,0.6358024691358025,36.07572107612504
LOESSCorrector,27,0.0823,0.5370370370370371,0.1554894039235802,0.0092592592592593,0.1125061864733063,65.29687366201014,60.26367269381425,0.5277777777777778,59.97262674574255
LOESSCorrector,28,0.0823,0.5462962962962963,0.1897583475177703,0.0061728395061728,0.0750041243155375,54.28864969244516,44.03769856529833,0.5401234567901234,56.45687201244765
LOESSCorrector,29,0.0823,0.5308641975308642,0.1729497003224926,-0.0432098765432097,-0.525028870208759,43.92507995269898,39.44752286458186,0.574074074074074,49.61038194674126
LOESSCorrector,30,0.0823,0.4999999999999999,0.1598395972373339,-0.0030864197530865,-0.0375020621577701,141.6181276556443,117.49748704360243,0.5030864197530864,128.8599398887483
LOESSCorrector,0,0.1071,0.8487654320987654,0.1336102519871195,0.0030864197530864,0.028818111337706,9.061172027315374,16.26567240845193,0.845679012345679,9.168907954552049
LOESSCorrector,1,0.1071,0.6820987654320988,0.2099673006382092,0.0432098765432099,0.4034535587278842,22.71649600503362,20.677467425735006,0.6388888888888888,33.77667483416764
LOESSCorrector,2,0.1071,0.9228395061728396,0.08258696395222,0.0030864197530865,0.0288181113377071,8.44856296587375,16.23367534474582,0.9197530864197532,11.816788244580854
LOESSCorrector,3,0.1071,0.8981481481481483,0.0925925925925925,0.0339506172839507,0.316999224714767,6.7897758717201455,16.407960679714286,0.8641975308641975,14.581531813810592
LOESSCorrector,4,0.1071,0.9012345679012346,0.1243026578123596,-0.0030864197530864,-0.028818111337706,8.128683305458335,16.151797549908217,0.904320987654321,8.4158085563581
LOESSCorrector,5,0.1071,0.8425925925925926,0.1031067474598152,0.0339506172839505,0.3169992247147649,7.384108700175195,16.155758018947736,0.808641975308642,18.62026229816613
LOESSCorrector,6,0.1071,0.7530864197530864,0.1908595658486458,0.0524691358024691,0.4899078927410014,26.969250862981813,25.94024682860732,0.7006172839506173,34.90798298314577
LOESSCorrector,7,0.1071,0.5246913580246914,0.2000704798844673,-0.0493827160493827,-0.4610897814032954,27.4230399581662,39.70082906273751,0.5740740740740741,30.51096333344792
LOESSCorrector,8,0.1071,0.7716049382716049,0.1288187453994395,0.0123456790123456,0.1152724453508233,20.362178670907984,22.765068374798656,0.7592592592592593,25.9828561574089
LOESSCorrector,9,0.1071,0.7654320987654322,0.1856988760060657,0.0185185185185184,0.1729086680262355,21.97418943788048,23.27303600645148,0.7469135802469137,26.47473479327075
LOESSCorrector,10,0.1071,0.9135802469135804,0.0822402012004582,0.0308641975308642,0.2881811133770598,7.764498314983581,19.09469096177759,0.8827160493827161,15.588235109929796
LOESSCorrector,11,0.1071,0.7006172839506174,0.1832200256747633,0.0864197530864198,0.8069071174557674,34.10977694837669,30.255594436296608,0.6141975308641976,40.44292499063709
LOESSCorrector,12,0.1071,0.75,0.0935139346144637,0.0246913580246912,0.2305448907016466,12.87990105722113,17.869614294253683,0.7253086419753088,19.679643475519555
LOESSCorrector,13,0.1071,0.6358024691358026,0.1853908323170519,1.1102230246251563e-16,1.0366227957599706e-15,31.565739020773613,38.92556978399615,0.6358024691358025,39.63121784075345
LOESSCorrector,14,0.1071,0.7530864197530863,0.1506982174781938,0.0370370370370368,0.3458173360524699,24.18671149851384,24.76860558447221,0.7160493827160495,28.42816200644789
LOESSCorrector,15,0.1071,0.7746913580246915,0.1739383062173503,0.0864197530864198,0.8069071174557674,24.159908789363303,21.198689002555227,0.6882716049382717,30.48030659946083
LOESSCorrector,16,0.1071,0.6882716049382716,0.1553668265265829,0.0462962962962961,0.4322716700655882,27.02144733459472,28.44063266844638,0.6419753086419754,35.6406719934226
LOESSCorrector,17,0.1071,0.830246913580247,0.1394706608357408,0.0123456790123457,0.1152724453508243,19.271315904823236,19.05763335303584,0.8179012345679013,23.1023523310738
LOESSCorrector,18,0.1071,0.5339506172839507,0.2381548360970423,1.1102230246251563e-16,1.0366227957599706e-15,45.88761619177809,47.148507528426094,0.5339506172839505,51.931989871637775
LOESSCorrector,19,0.1071,0.5216049382716049,0.1553668265265829,-0.0586419753086421,-0.5475441154164147,60.76792471685657,60.866270841891634,0.580246913580247,61.38349961491213
LOESSCorrector,20,0.1071,0.8240740740740741,0.1289665581220752,0.015432098765432,0.1440905566885294,18.11278374389849,19.42451253985416,0.808641975308642,23.27253935146643
LOESSCorrector,21,0.1071,0.6111111111111112,0.195981578597377,-0.0092592592592591,-0.0864543340131172,48.20690458046629,44.95014965154717,0.6203703703703703,57.02746217125432
LOESSCorrector,22,0.1071,0.7253086419753086,0.1763855810151796,0.0308641975308642,0.2881811133770598,15.082021968387224,25.133737294583536,0.6944444444444444,23.062041349470636
LOESSCorrector,23,0.1071,0.5802469135802469,0.2129405964279054,-0.0092592592592593,-0.0864543340131182,38.01173931167578,47.25877368977466,0.5895061728395062,39.89587676082198
LOESSCorrector,24,0.1071,0.7160493827160495,0.1850822759329006,0.037037037037037,0.345817336052472,23.01013720333261,24.889503639163344,0.6790123456790124,28.89041707997307
LOESSCorrector,25,0.1071,0.6728395061728395,0.1691065127383052,0.0370370370370369,0.345817336052471,31.455555583337265,28.714400827215503,0.6358024691358025,33.99107814630658
LOESSCorrector,26,0.1071,0.7839506172839507,0.1655196009603941,0.1049382716049384,0.979815785482004,26.011758486505776,25.467464886540647,0.6790123456790123,36.07572107612504
LOESSCorrector,27,0.1071,0.5617283950617283,0.1618532173102085,-0.0123456790123457,-0.1152724453508243,65.29687366201014,60.367898338592326,0.5740740740740741,59.97262674574255
LOESSCorrector,28,0.1071,0.5864197530864198,0.2055657506832927,0.0154320987654321,0.1440905566885304,54.28864969244516,44.2964361379598,0.5709876543209876,56.45687201244765
LOESSCorrector,29,0.1071,0.5833333333333335,0.1809705582008524,-0.0216049382716047,-0.2017267793639395,43.92507995269898,39.77818652659277,0.6049382716049382,49.61038194674126
LOESSCorrector,30,0.1071,0.5185185185185186,0.1661514670826515,0.0030864197530865,0.0288181113377071,141.6181276556443,117.81641939466289,0.5154320987654321,128.8599398887483
LOESSCorrector,0,0.1394,0.904320987654321,0.1006759656191363,0.0092592592592593,0.0664222323732931,9.061172027315374,18.124181214969816,0.8950617283950617,9.168907954552049
LOESSCorrector,1,0.1394,0.7685185185185186,0.1823862555888167,0.0339506172839506,0.2435481853687408,22.71649600503362,21.806957707295087,0.7345679012345679,33.77667483416764
LOESSCorrector,2,0.1394,0.9537037037037036,0.061418977599174,-0.0030864197530863,-0.0221407441244302,8.44856296587375,18.245716897451384,0.95679012345679,11.816788244580854
LOESSCorrector,3,0.1394,0.947530864197531,0.0620362692661783,0.0216049382716051,0.1549852088710182,6.7897758717201455,18.35261095815778,0.9259259259259258,14.581531813810592
LOESSCorrector,4,0.1394,0.95679012345679,0.0572445586141709,0.0092592592592593,0.0664222323732931,8.128683305458335,18.256657313037056,0.9475308641975309,8.4158085563581
LOESSCorrector,5,0.1394,0.9382716049382716,0.0449389499338303,0.052469135802469,0.3763926501153256,7.384108700175195,18.037395736979807,0.8858024691358026,18.62026229816613
LOESSCorrector,6,0.1394,0.8179012345679012,0.1747578724307662,0.0370370370370368,0.2656889294931703,26.969250862981813,26.84785460191873,0.7808641975308643,34.90798298314577
LOESSCorrector,7,0.1394,0.5740740740740741,0.2107371606803897,-0.0524691358024691,-0.3763926501153264,27.4230399581662,40.19419970036308,0.6265432098765432,30.51096333344792
LOESSCorrector,8,0.1394,0.851851851851852,0.0935139346144637,-0.0277777777777777,-0.1992666971198787,20.362178670907984,24.00096229038133,0.8796296296296298,25.9828561574089
LOESSCorrector,9,0.1394,0.8395061728395061,0.1480194914602691,0.0061728395061726,0.0442814882488605,21.97418943788048,24.485807462391296,0.8333333333333335,26.47473479327075
LOESSCorrector,10,0.1394,0.9382716049382716,0.0664835161374629,0.0092592592592594,0.0664222323732939,7.764498314983581,21.13252095142076,0.9290123456790124,15.588235109929796
LOESSCorrector,11,0.1394,0.7685185185185185,0.1823862555888167,0.0555555555555554,0.3985333942397566,34.10977694837669,31.03975947619145,0.712962962962963,40.44292499063709
LOESSCorrector,12,0.1394,0.8487654320987654,0.0869691531086751,0.0277777777777776,0.1992666971198779,12.87990105722113,19.42480826551133,0.8209876543209877,19.679643475519555
LOESSCorrector,13,0.1394,0.7160493827160495,0.1779984056209409,0.0462962962962963,0.332111161866465,31.565739020773613,40.06522606010006,0.6697530864197531,39.63121784075345
LOESSCorrector,14,0.1394,0.8487654320987654,0.0954297829243229,0.0246913580246913,0.1771259529954476,24.18671149851384,25.782629406871905,0.8240740740740741,28.42816200644789
LOESSCorrector,15,0.1394,0.8580246913580247,0.1478262964793586,0.0833333333333333,0.5978000913596362,24.159908789363303,22.34727694593151,0.7746913580246914,30.48030659946083
LOESSCorrector,16,0.1394,0.7592592592592592,0.1676923173729151,0.0277777777777777,0.1992666971198787,27.02144733459472,29.392372117844477,0.7314814814814814,35.6406719934226
LOESSCorrector,17,0.1394,0.9135802469135802,0.1067383732456208,0.0,0.0,19.271315904823236,20.43944251057134,0.9135802469135802,23.1023523310738
LOESSCorrector,18,0.1394,0.558641975308642,0.2482602166937062,-0.0185185185185183,-0.1328444647465847,45.88761619177809,47.55537493351842,0.5771604938271604,51.931989871637775
LOESSCorrector,19,0.1394,0.5679012345679012,0.158282486480964,-0.0308641975308642,-0.2214074412443097,60.76792471685657,61.7481547701175,0.5987654320987654,61.38349961491213
LOESSCorrector,20,0.1394,0.904320987654321,0.0926954161585259,0.0154320987654321,0.1107037206221552,18.11278374389849,21.04297938075744,0.8888888888888888,23.27253935146643
LOESSCorrector,21,0.1394,0.6728395061728395,0.2040307886547952,0.0216049382716049,0.1549852088710166,48.20690458046629,45.54946078299194,0.6512345679012346,57.02746217125432
LOESSCorrector,22,0.1394,0.7870370370370371,0.1666666666666666,0.0246913580246914,0.1771259529954484,15.082021968387224,26.645308570336944,0.7623456790123456,23.062041349470636
LOESSCorrector,23,0.1394,0.6388888888888888,0.2275593653230464,0.0246913580246913,0.1771259529954476,38.01173931167578,48.286955671419065,0.6141975308641975,39.89587676082198
LOESSCorrector,24,0.1394,0.7993827160493827,0.135310556893722,0.0401234567901235,0.287829673617603,23.01013720333261,25.9642466121917,0.7592592592592592,28.89041707997307
LOESSCorrector,25,0.1394,0.7314814814814815,0.1593023197600486,0.021604938271605,0.1549852088710174,31.455555583337265,29.48683086157792,0.7098765432098765,33.99107814630658
LOESSCorrector,26,0.1394,0.8456790123456791,0.1429115667011139,0.0833333333333333,0.5978000913596362,26.011758486505776,26.853684558470693,0.7623456790123457,36.07572107612504
LOESSCorrector,27,0.1394,0.5895061728395061,0.1716227009192326,-0.0061728395061728,-0.0442814882488621,65.29687366201014,60.6580325708488,0.595679012345679,59.97262674574255
LOESSCorrector,28,0.1394,0.6419753086419754,0.1876888369816144,0.0061728395061727,0.0442814882488613,54.28864969244516,44.80848792353983,0.6358024691358026,56.45687201244765
LOESSCorrector,29,0.1394,0.6358024691358025,0.1714561038559401,-0.0185185185185184,-0.1328444647465855,43.92507995269898,40.40140218815503,0.654320987654321,49.61038194674126
LOESSCorrector,30,0.1394,0.5462962962962963,0.1656346649999844,0.0061728395061728,0.0442814882488621,141.6181276556443,118.36020830600272,0.5401234567901234,128.8599398887483
LOESSCorrector,0,0.1815,0.95679012345679,0.0474144799251148,-2.220446049250313e-16,-1.2233862462900554e-15,9.061172027315374,20.756190421651574,0.9567901234567904,9.168907954552049
LOESSCorrector,1,0.1815,0.8611111111111112,0.1255987033912086,0.037037037037037,0.2040608089971145,22.71649600503362,23.634837381210104,0.8240740740740741,33.77667483416764
LOESSCorrector,2,0.1815,0.9722222222222222,0.0453609211626514,-0.0092592592592593,-0.0510152022492787,8.44856296587375,21.034540525772407,0.9814814814814816,11.816788244580854
LOESSCorrector,3,0.1815,0.9660493827160496,0.0387956947221497,-0.0030864197530862,-0.017005067416425,6.7897758717201455,21.072773310245456,0.9691358024691356,14.581531813810592
LOESSCorrector,4,0.1815,0.9907407407407408,0.0185185185185185,0.0030864197530865,0.0170050674164268,8.128683305458335,21.14152544837973,0.9876543209876544,8.4158085563581
LOESSCorrector,5,0.1815,0.9753086419753088,0.0332417580687314,0.0123456790123456,0.0680202696657044,7.384108700175195,20.7191458881611,0.9629629629629632,18.62026229816613
LOESSCorrector,6,0.1815,0.8919753086419754,0.1382357757812265,0.0246913580246914,0.13604053933141,26.969250862981813,28.37606069981986,0.8672839506172839,34.90798298314577
LOESSCorrector,7,0.1815,0.6203703703703705,0.2198952238340355,-0.0648148148148148,-0.3571064157449502,27.4230399581662,41.12868761386216,0.6851851851851853,30.51096333344792
LOESSCorrector,8,0.1815,0.9290123456790124,0.0525598344627357,-0.006172839506173,-0.0340101348328537,20.362178670907984,25.93161134417122,0.9351851851851852,25.9828561574089
LOESSCorrector,9,0.1815,0.8981481481481483,0.1118800553110608,-0.0061728395061727,-0.0340101348328519,21.97418943788048,26.392582423469324,0.904320987654321,26.47473479327075
LOESSCorrector,10,0.1815,0.9660493827160496,0.048604986876616,0.0030864197530865,0.0170050674164268,7.764498314983581,23.91118579597137,0.9629629629629628,15.588235109929796
LOESSCorrector,11,0.1815,0.8487654320987654,0.1243026578123597,0.0030864197530863,0.0170050674164256,34.10977694837669,32.382215922139714,0.8456790123456791,40.44292499063709
LOESSCorrector,12,0.1815,0.910493827160494,0.0761038765798639,0.0154320987654319,0.08502533708213,12.87990105722113,21.760297989131843,0.8950617283950619,19.679643475519555
LOESSCorrector,13,0.1815,0.7685185185185186,0.1398117488013102,0.0493827160493829,0.2720810786628201,31.565739020773613,41.74223170711203,0.7191358024691357,39.63121784075345
LOESSCorrector,14,0.1815,0.8950617283950619,0.0856446723797013,-0.0154320987654319,-0.08502533708213,24.18671149851384,27.43273749514229,0.910493827160494,28.42816200644789
LOESSCorrector,15,0.1815,0.9351851851851852,0.0944262872887553,0.0679012345679014,0.3741114831613771,24.159908789363303,24.213172750657435,0.8672839506172839,30.48030659946083
LOESSCorrector,16,0.1815,0.8240740740740741,0.1416394309331329,0.0092592592592591,0.0510152022492781,27.02144733459472,30.935912471834868,0.8148148148148149,35.6406719934226
LOESSCorrector,17,0.1815,0.947530864197531,0.0790509165115166,-0.0216049382716047,-0.1190354719149819,19.271315904823236,22.567222781131655,0.9691358024691356,23.1023523310738
LOESSCorrector,18,0.1815,0.6049382716049384,0.2634508312700407,-0.0030864197530863,-0.0170050674164256,45.88761619177809,48.35810991065691,0.6080246913580247,51.931989871637775
LOESSCorrector,19,0.1815,0.6358024691358026,0.1694441633495161,0.0185185185185186,0.1020304044985575,60.76792471685657,63.0522307705854,0.617283950617284,61.38349961491213
LOESSCorrector,20,0.1815,0.947530864197531,0.0685991073175706,-0.0030864197530863,-0.0170050674164256,18.11278374389849,23.417413811112485,0.9506172839506172,23.27253935146643
LOESSCorrector,21,0.1815,0.7283950617283951,0.1936835986387312,0.0030864197530863,0.0170050674164256,48.20690458046629,46.57429886764261,0.7253086419753088,57.02746217125432
LOESSCorrector,22,0.1815,0.8425925925925926,0.1367113246317907,0.0185185185185184,0.1020304044985569,15.082021968387224,28.83309101352697,0.8240740740740741,23.062041349470636
LOESSCorrector,23,0.1815,0.6944444444444444,0.2091035146414114,0.0246913580246912,0.1360405393314088,38.01173931167578,49.808186983729136,0.6697530864197532,39.89587676082198
LOESSCorrector,24,0.1815,0.8703703703703705,0.1047565601757848,0.0277777777777777,0.1530456067478357,23.01013720333261,27.68410991291524,0.8425925925925927,28.89041707997307
LOESSCorrector,25,0.1815,0.8086419753086421,0.1714561038559401,0.0185185185185186,0.1020304044985575,31.455555583337265,30.82988455553125,0.7901234567901235,33.99107814630658
LOESSCorrector,26,0.1815,0.8858024691358025,0.1299232418509209,0.0432098765432098,0.2380709438299664,26.011758486505776,28.915642630766342,0.8425925925925927,36.07572107612504
LOESSCorrector,27,0.1815,0.6327160493827161,0.1832200256747633,-0.015432098765432,-0.0850253370821306,65.29687366201014,61.26703071276154,0.6481481481481481,59.97262674574255
LOESSCorrector,28,0.1815,0.6851851851851852,0.1515806068865268,-0.0123456790123456,-0.0680202696657044,54.28864969244516,45.73166094302654,0.6975308641975309,56.45687201244765
LOESSCorrector,29,0.1815,0.7129629629629629,0.1977236713339132,0.0092592592592591,0.0510152022492781,43.92507995269898,41.49007076688562,0.7037037037037037,49.61038194674126
LOESSCorrector,30,0.1815,0.5617283950617283,0.1559176659298159,0.0061728395061728,0.0340101348328525,141.6181276556443,119.25576347524073,0.5555555555555555,128.8599398887483
LOESSCorrector,0,0.2362,0.9753086419753088,0.0357278916752784,0.0,0.0,9.061172027315374,24.30825228591789,0.9753086419753088,9.168907954552049
LOESSCorrector,1,0.2362,0.9290123456790124,0.0808382768747456,0.0123456790123456,0.0522679041493552,22.71649600503362,26.384610673227797,0.9166666666666666,33.77667483416764
LOESSCorrector,2,0.2362,0.9845679012345678,0.0349188533919282,-0.0030864197530865,-0.0130669760373394,8.44856296587375,24.737788373313137,0.9876543209876544,11.816788244580854
LOESSCorrector,3,0.2362,0.9907407407407408,0.0185185185185184,0.0061728395061728,0.0261339520746778,6.7897758717201455,24.709515643816555,0.9845679012345678,14.581531813810592
LOESSCorrector,4,0.2362,0.9969135802469136,0.008729713347982,0.0030864197530863,0.0130669760373384,8.128683305458335,24.93862283484352,0.9938271604938272,8.4158085563581
LOESSCorrector,5,0.2362,0.9938271604938272,0.0115483252678207,0.0092592592592593,0.0392009281120168,7.384108700175195,24.35012632317145,0.9845679012345678,18.62026229816613
LOESSCorrector,6,0.2362,0.9382716049382716,0.0876238862134468,0.0030864197530863,0.0130669760373384,26.969250862981813,30.766348126340304,0.9351851851851852,34.90798298314577
LOESSCorrector,7,0.2362,0.691358024691358,0.2051482636775786,-0.0308641975308642,-0.1306697603733889,27.4230399581662,42.73297847718269,0.7222222222222222,30.51096333344792
LOESSCorrector,8,0.2362,0.969135802469136,0.0402419901555718,0.0,0.0,20.362178670907984,28.774634064928623,0.969135802469136,25.9828561574089
LOESSCorrector,9,0.2362,0.9506172839506172,0.0677607975311733,-0.0216049382716049,-0.0914688322613721,21.97418943788048,29.215491093180585,0.9722222222222222,26.47473479327075
LOESSCorrector,10,0.2362,0.9814814814814816,0.0292803487052627,0.0030864197530863,0.0130669760373384,7.764498314983581,27.57019767317682,0.9783950617283952,15.588235109929796
LOESSCorrector,11,0.2362,0.9290123456790124,0.081891970132232,0.009259259259259,0.0392009281120158,34.10977694837669,34.52206641365158,0.9197530864197532,40.44292499063709
LOESSCorrector,12,0.2362,0.9567901234567904,0.0669119857675271,-0.0030864197530863,-0.0130669760373384,12.87990105722113,25.059223205224484,0.9598765432098766,19.679643475519555
LOESSCorrector,13,0.2362,0.808641975308642,0.1437092188496644,0.0185185185185184,0.0784018562240331,31.565739020773613,44.14127895735322,0.7901234567901235,39.63121784075345
LOESSCorrector,14,0.2362,0.95679012345679,0.0474144799251148,0.0,0.0,24.18671149851384,29.949012379940648,0.95679012345679,28.42816200644789
LOESSCorrector,15,0.2362,0.9722222222222222,0.061418977599174,0.0277777777777777,0.1176027843360499,24.159908789363303,27.02712273766569,0.9444444444444444,30.48030659946083
LOESSCorrector,16,0.2362,0.9012345679012348,0.0936157462228586,0.0092592592592593,0.0392009281120168,27.02144733459472,33.29820717695562,0.8919753086419754,35.6406719934226
LOESSCorrector,17,0.2362,0.9783950617283952,0.040945985066116,0.0,0.0,19.271315904823236,25.641287260545965,0.9783950617283952,23.1023523310738
LOESSCorrector,18,0.2362,0.6419753086419753,0.2577483900754687,-0.0092592592592593,-0.0392009281120168,45.88761619177809,49.77300416315241,0.6512345679012346,51.931989871637775
LOESSCorrector,19,0.2362,0.6790123456790125,0.1752477724268937,0.0154320987654321,0.0653348801866947,60.76792471685657,64.94110166496361,0.6635802469135803,61.38349961491213
LOESSCorrector,20,0.2362,0.9814814814814816,0.0292803487052627,-0.0061728395061728,-0.0261339520746778,18.11278374389849,26.727515947982216,0.9876543209876544,23.27253935146643
LOESSCorrector,21,0.2362,0.8148148148148149,0.1833239803076234,0.0092592592592594,0.0392009281120172,48.20690458046629,48.23000600521503,0.8055555555555555,57.02746217125432
LOESSCorrector,22,0.2362,0.8950617283950617,0.1003917035017937,-0.0061728395061728,-0.0261339520746778,15.082021968387224,31.88094756887893,0.9012345679012346,23.062041349470636
LOESSCorrector,23,0.2362,0.7777777777777779,0.1928950616296265,0.0524691358024692,0.2221385926347615,38.01173931167578,52.00343058958168,0.7253086419753086,39.89587676082198
LOESSCorrector,24,0.2362,0.941358024691358,0.0698377067838565,0.0339506172839505,0.1437367364107274,23.01013720333261,30.27487031612494,0.9074074074074076,28.89041707997307
LOESSCorrector,25,0.2362,0.8580246913580247,0.1568314322952161,-0.0123456790123457,-0.0522679041493557,31.455555583337265,32.98796818509358,0.8703703703703705,33.99107814630658
LOESSCorrector,26,0.2362,0.947530864197531,0.0911408830878604,0.0432098765432101,0.1829376645227456,26.011758486505776,31.852390547724102,0.9043209876543208,36.07572107612504
LOESSCorrector,27,0.2362,0.6882716049382716,0.183687358226747,0.0061728395061727,0.0261339520746774,65.29687366201014,62.38150098236993,0.6820987654320988,59.97262674574255
LOESSCorrector,28,0.2362,0.7530864197530864,0.1472451906404514,-0.0308641975308641,-0.1306697603733884,54.28864969244516,47.27553140163816,0.7839506172839505,56.45687201244765
LOESSCorrector,29,0.2362,0.7870370370370371,0.1823862555888168,0.0185185185185186,0.0784018562240336,43.92507995269898,43.26606956326039,0.7685185185185185,49.61038194674126
LOESSCorrector,30,0.2362,0.5740740740740741,0.1656346649999844,-0.0123456790123456,-0.0522679041493552,141.6181276556443,120.6725885663454,0.5864197530864197,128.8599398887483
LOESSCorrector,0,0.3073,0.9907407407407408,0.0261891400439461,0.0030864197530863,0.0100436698439396,9.061172027315374,28.89474092626674,0.9876543209876544,9.168907954552049
LOESSCorrector,1,0.3073,0.9814814814814816,0.0292803487052627,0.0061728395061727,0.0200873396878796,22.71649600503362,30.24884390563989,0.9753086419753088,33.77667483416764
LOESSCorrector,2,0.3073,1.0,0.0,0.0061728395061728,0.02008733968788,8.44856296587375,29.464365081254208,0.9938271604938272,11.816788244580854
LOESSCorrector,3,0.3073,0.9969135802469136,0.008729713347982,0.0,0.0,6.7897758717201455,29.37286787810062,0.9969135802469136,14.581531813810592
LOESSCorrector,4,0.3073,1.0,0.0,0.0,0.0,8.128683305458335,29.752937498734106,1.0,8.4158085563581
LOESSCorrector,5,0.3073,1.0,0.0,0.0061728395061728,0.02008733968788,7.384108700175195,29.043828637622287,0.9938271604938272,18.62026229816613
LOESSCorrector,6,0.3073,0.9753086419753088,0.0480134234139013,-0.009259259259259,-0.0301310095318192,26.969250862981813,34.25310551458454,0.9845679012345678,34.90798298314577
LOESSCorrector,7,0.3073,0.7561728395061729,0.15646656611897,-0.0216049382716049,-0.0703056889075796,27.4230399581662,45.27596098854029,0.7777777777777778,30.51096333344792
LOESSCorrector,8,0.3073,0.9907407407407408,0.013094570021973,0.0,0.0,20.362178670907984,32.722978955048404,0.9907407407407408,25.9828561574089
LOESSCorrector,9,0.3073,0.9753086419753088,0.0423188555580311,-0.0061728395061727,-0.0200873396878796,21.97418943788048,33.15264098936853,0.9814814814814816,26.47473479327075
LOESSCorrector,10,0.3073,0.9938271604938272,0.0174594266959641,-0.0030864197530863,-0.0100436698439396,7.764498314983581,32.22388388098789,0.9969135802469136,15.588235109929796
LOESSCorrector,11,0.3073,0.969135802469136,0.0402419901555718,0.0061728395061729,0.0200873396878803,34.10977694837669,37.70950989076098,0.9629629629629628,40.44292499063709
LOESSCorrector,12,0.3073,0.9753086419753088,0.0514609012362131,-0.0185185185185183,-0.0602620190636393,12.87990105722113,29.463302261127016,0.9938271604938272,19.679643475519555
LOESSCorrector,13,0.3073,0.8456790123456791,0.1435102214513909,-0.0030864197530863,-0.0100436698439396,31.565739020773613,47.45611132148432,0.8487654320987654,39.63121784075345
LOESSCorrector,14,0.3073,0.9814814814814816,0.0346449758034623,-0.0030864197530863,-0.0100436698439396,24.18671149851384,33.549388316352726,0.9845679012345678,28.42816200644789
LOESSCorrector,15,0.3073,0.9814814814814816,0.0434297755539206,-0.0123456790123456,-0.0401746793757596,24.159908789363303,30.987431618704715,0.9938271604938272,30.48030659946083
LOESSCorrector,16,0.3073,0.9691358024691356,0.0380519382899319,0.0246913580246912,0.0803493587515193,27.02144733459472,36.706316409081055,0.9444444444444444,35.6406719934226
LOESSCorrector,17,0.3073,0.9876543209876544,0.0230966505356416,-0.0030864197530865,-0.0100436698439403,19.271315904823236,29.8245795618626,0.9907407407407408,23.1023523310738
LOESSCorrector,18,0.3073,0.7098765432098766,0.2549614373834985,-0.015432098765432,-0.0502183492196996,45.88761619177809,52.064027597454434,0.7253086419753086,51.931989871637775
LOESSCorrector,19,0.3073,0.7561728395061729,0.1827514980628082,0.0339506172839506,0.1104803682833396,60.76792471685657,67.60362050449635,0.7222222222222222,61.38349961491213
LOESSCorrector,20,0.3073,0.9938271604938272,0.0174594266959641,-0.0030864197530863,-0.0100436698439396,18.11278374389849,31.11873257196708,0.9969135802469136,23.27253935146643
LOESSCorrector,21,0.3073,0.8827160493827161,0.142109437447177,0.0123456790123456,0.0401746793757596,48.20690458046629,50.76086978495636,0.8703703703703705,57.02746217125432
LOESSCorrector,22,0.3073,0.9351851851851852,0.0641500299099584,-0.0154320987654319,-0.0502183492196992,15.082021968387224,35.95386960527252,0.9506172839506172,23.062041349470636
LOESSCorrector,23,0.3073,0.8364197530864197,0.156283813594718,0.0308641975308641,0.1004366984393993,38.01173931167578,55.07266940300804,0.8055555555555556,39.89587676082198
LOESSCorrector,24,0.3073,0.9753086419753088,0.0514609012362131,0.0154320987654321,0.0502183492197,23.01013720333261,33.94864850416897,0.9598765432098766,28.89041707997307
LOESSCorrector,25,0.3073,0.9166666666666666,0.0916619901538117,-0.0123456790123456,-0.0401746793757596,31.455555583337265,36.2127438207503,0.9290123456790124,33.99107814630658
LOESSCorrector,26,0.3073,0.9660493827160496,0.0624952368250511,0.0092592592592594,0.0301310095318203,26.011758486505776,35.844357246172635,0.95679012345679,36.07572107612504
LOESSCorrector,27,0.3073,0.7530864197530865,0.1895071781852932,0.0061728395061729,0.0200873396878803,65.29687366201014,64.2411232989586,0.7469135802469136,59.97262674574255
LOESSCorrector,28,0.3073,0.8179012345679012,0.1215124671915402,-0.0246913580246913,-0.0803493587515196,54.28864969244516,49.6921347987346,0.8425925925925926,56.45687201244765
LOESSCorrector,29,0.3073,0.8364197530864197,0.1584629339875733,0.0061728395061727,0.0200873396878796,43.92507995269898,45.98417164200089,0.8302469135802469,49.61038194674126
LOESSCorrector,30,0.3073,0.6049382716049383,0.1548140272096846,-0.0185185185185184,-0.0602620190636396,141.6181276556443,122.82366374900018,0.6234567901234568,128.8599398887483
LOESSCorrector,0,0.4,1.0,0.0,0.0030864197530865,0.0077160493634262,9.061172027315374,34.58008070497812,0.9969135802469136,9.168907954552049
LOESSCorrector,1,0.4,0.9938271604938272,0.0115483252678207,0.0,0.0,22.71649600503362,35.349033008569535,0.9938271604938272,33.77667483416764
LOESSCorrector,2,0.4,1.0,0.0,0.0,0.0,8.44856296587375,35.27586522214879,1.0,11.816788244580854
LOESSCorrector,3,0.4,1.0,0.0,0.0,0.0,6.7897758717201455,35.12340452708204,1.0,14.581531813810592
LOESSCorrector,4,0.4,1.0,0.0,0.0,0.0,8.128683305458335,35.64331061743503,1.0,8.4158085563581
LOESSCorrector,5,0.4,1.0,0.0,0.0,0.0,7.384108700175195,34.860497632839895,1.0,18.62026229816613
LOESSCorrector,6,0.4,0.9876543209876544,0.0349188533919282,-0.0123456790123456,-0.0308641974537035,26.969250862981813,39.009439702908885,1.0,34.90798298314577
LOESSCorrector,7,0.4,0.808641975308642,0.1584629339875733,-0.0216049382716049,-0.0540123455439814,27.4230399581662,49.018725953706536,0.8302469135802469,30.51096333344792
LOESSCorrector,8,0.4,0.9969135802469136,0.008729713347982,-0.0030864197530865,-0.0077160493634262,20.362178670907984,37.90348622258515,1.0,25.9828561574089
LOESSCorrector,9,0.4,0.9876543209876544,0.0349188533919282,-0.0061728395061727,-0.0154320987268516,21.97418943788048,38.3344089979508,0.9938271604938272,26.47473479327075
LOESSCorrector,10,0.4,0.9969135802469136,0.008729713347982,0.0,0.0,7.764498314983581,37.93827433752697,0.9969135802469136,15.588235109929796
LOESSCorrector,11,0.4,0.9969135802469136,0.008729713347982,0.009259259259259,0.0231481480902773,34.10977694837669,42.15049771996545,0.9876543209876544,40.44292499063709
LOESSCorrector,12,0.4,0.9938271604938272,0.0174594266959641,-0.0061728395061728,-0.0154320987268519,12.87990105722113,35.04927121436395,1.0,19.679643475519555
LOESSCorrector,13,0.4,0.8981481481481483,0.1063807897507042,0.0030864197530865,0.0077160493634262,31.565739020773613,51.84980074230069,0.8950617283950617,39.63121784075345
LOESSCorrector,14,0.4,0.9938271604938272,0.0174594266959641,-0.0030864197530863,-0.0077160493634256,24.18671149851384,38.39081768340608,0.9969135802469136,28.42816200644789
LOESSCorrector,15,0.4,0.9938271604938272,0.0174594266959641,-0.0061728395061728,-0.0154320987268519,24.159908789363303,36.21799601211613,1.0,30.48030659946083
LOESSCorrector,16,0.4,0.9938271604938272,0.0115483252678207,0.0123456790123456,0.0308641974537035,27.02144733459472,41.33623351749701,0.9814814814814816,35.6406719934226
LOESSCorrector,17,0.4,0.9938271604938272,0.0174594266959641,-0.0061728395061728,-0.0154320987268519,19.271315904823236,35.21317127656542,1.0,23.1023523310738
LOESSCorrector,18,0.4,0.7530864197530864,0.2351357648733446,-0.0277777777777777,-0.0694444442708333,45.88761619177809,55.50258477554024,0.7808641975308642,51.931989871637775
LOESSCorrector,19,0.4,0.8148148148148149,0.161970885967925,0.058641975308642,0.1466049379050926,60.76792471685657,71.2267010733592,0.7561728395061729,61.38349961491213
LOESSCorrector,20,0.4,0.9969135802469136,0.008729713347982,-0.0030864197530865,-0.0077160493634262,18.11278374389849,36.67523816764071,1.0,23.27253935146643
LOESSCorrector,21,0.4,0.9166666666666666,0.1296296296296296,0.0061728395061727,0.0154320987268516,48.20690458046629,54.41185501569878,0.910493827160494,57.02746217125432
LOESSCorrector,22,0.4,0.95679012345679,0.0509025385878723,-0.0216049382716051,-0.0540123455439819,15.082021968387224,41.16204688579986,0.9783950617283952,23.062041349470636
LOESSCorrector,23,0.4,0.8734567901234568,0.138028887499987,0.0092592592592593,0.0231481480902778,38.01173931167578,59.19869413366943,0.8641975308641975,39.89587676082198
LOESSCorrector,24,0.4,0.9938271604938272,0.0174594266959641,0.0092592592592593,0.0231481480902778,23.01013720333261,38.85646404230097,0.9845679012345678,28.89041707997307
LOESSCorrector,25,0.4,0.969135802469136,0.0514609012362131,-0.0246913580246912,-0.0617283949074071,31.455555583337265,40.70599201154509,0.9938271604938272,33.99107814630658
LOESSCorrector,26,0.4,0.9814814814814816,0.0434297755539206,-0.0061728395061728,-0.0154320987268519,26.011758486505776,41.01308048961538,0.9876543209876544,36.07572107612504
LOESSCorrector,27,0.4,0.8179012345679013,0.1571954515832943,0.0401234567901235,0.1003086417245372,65.29687366201014,67.1132539080369,0.7777777777777778,59.97262674574255
LOESSCorrector,28,0.4,0.8858024691358026,0.1043008965970111,-0.0061728395061727,-0.0154320987268516,54.28864969244516,53.23693577897816,0.8919753086419754,56.45687201244765
LOESSCorrector,29,0.4,0.9012345679012346,0.1447001008608771,-0.015432098765432,-0.0385802468171295,43.92507995269898,49.884935570234354,0.9166666666666666,49.61038194674126
LOESSCorrector,30,0.4,0.6543209876543209,0.1588232139539334,-0.0030864197530865,-0.0077160493634262,141.6181276556443,125.94486388934224,0.6574074074074074,128.8599398887483
SERRFCorrector,0,0.01,0.5,0.1554894039235802,0.015432098765432,1.5432097222222334,8.004061320091544,13.287872436101448,0.4845679012345679,9.168907954552049
SERRFCorrector,1,0.01,0.4845679012345678,0.1441063892583796,-0.0030864197530864,-0.3086419444444489,17.365813019975633,20.14277202797431,0.4876543209876542,33.77667483416764
SERRFCorrector,2,0.01,0.5555555555555556,0.11929721043264,0.0061728395061728,0.6172838888888978,7.769513759591909,11.756500146599135,0.5493827160493827,11.816788244580854
SERRFCorrector,3,0.01,0.4907407407407407,0.156039810614377,0.0092592592592591,0.9259258333333356,5.875565152566511,12.716640937168764,0.4814814814814815,14.581531813810592
SERRFCorrector,4,0.01,0.5771604938271604,0.1989244820286669,0.0462962962962961,4.6296291666667,7.394385372872467,11.613228023638946,0.5308641975308642,8.4158085563581
SERRFCorrector,5,0.01,0.462962962962963,0.1458149606298483,-0.0277777777777777,-2.7777775000000235,6.649369274929717,12.106394589850924,0.4907407407407407,18.62026229816613
SERRFCorrector,6,0.01,0.4876543209876542,0.1533301524490644,0.0030864197530864,0.3086419444444489,23.64362780936661,23.68773669256279,0.4845679012345678,34.90798298314577
SERRFCorrector,7,0.01,0.4691358024691358,0.1658645536116593,-0.0246913580246912,-2.469135555555569,26.980946083226502,40.86755963228171,0.4938271604938271,30.51096333344792
SERRFCorrector,8,0.01,0.4753086419753086,0.1739383062173503,-0.0030864197530863,-0.3086419444444434,18.503572524729112,19.5285588850482,0.478395061728395,25.9828561574089
SERRFCorrector,9,0.01,0.4814814814814815,0.1565882826415534,-0.0030864197530862,-0.3086419444444322,20.388259141780907,20.653656089000982,0.4845679012345678,26.47473479327075
SERRFCorrector,10,0.01,0.6450617283950617,0.1860064095471527,0.095679012345679,9.567900277777872,6.915446327148947,13.746551166919785,0.5493827160493827,15.588235109929796
SERRFCorrector,11,0.01,0.4876543209876542,0.1505084609905754,0.0061728395061728,0.6172838888888923,30.874141252785297,27.75141865510894,0.4814814814814814,40.44292499063709
SERRFCorrector,12,0.01,0.4814814814814814,0.1481481481481481,-0.0154320987654321,-1.543209722222239,11.731607785583284,15.484414726315109,0.4969135802469135,19.679643475519555
SERRFCorrector,13,0.01,0.4938271604938272,0.1537024641727004,-0.0123456790123456,-1.23456777777779,29.633828991566435,34.182029499494845,0.5061728395061729,39.63121784075345
SERRFCorrector,14,0.01,0.4814814814814814,0.1543827037086395,0.0,0.0,21.96400880623528,22.02631109784001,0.4814814814814814,28.42816200644789
SERRFCorrector,15,0.01,0.4876543209876542,0.1522077531597278,0.0030864197530864,0.3086419444444489,21.60143336332348,18.32967754707308,0.4845679012345678,30.48030659946083
SERRFCorrector,16,0.01,0.4876543209876544,0.1476328486802641,-0.0092592592592591,-0.92592583333333,24.54190073391588,25.506389227766928,0.4969135802469135,35.6406719934226
SERRFCorrector,17,0.01,0.4876543209876544,0.1441063892583796,0.0030864197530865,0.30864194444446,17.589753677452403,15.773390039238972,0.4845679012345678,23.1023523310738
SERRFCorrector,18,0.01,0.4876543209876542,0.1614996969376682,-0.0123456790123456,-1.2345677777777846,44.65429098563267,48.01104657859371,0.4999999999999999,51.931989871637775
SERRFCorrector,19,0.01,0.4876543209876542,0.1505084609905754,0.0092592592592592,0.9259258333333412,56.75367604952702,53.81355723195686,0.478395061728395,61.38349961491213
SERRFCorrector,20,0.01,0.4938271604938272,0.1591826784966374,-0.0030864197530863,-0.3086419444444434,16.390044856534754,15.867809612950165,0.4969135802469135,23.27253935146643
SERRFCorrector,21,0.01,0.4845679012345678,0.1614996969376682,-0.015432098765432,-1.5432097222222334,44.38246029692,42.23994171370919,0.4999999999999999,57.02746217125432
SERRFCorrector,22,0.01,0.4598765432098766,0.1538882822508384,-0.0617283950617283,-6.172838888888945,13.72643900340535,20.95699722331708,0.5216049382716049,23.062041349470636
SERRFCorrector,23,0.01,0.4814814814814814,0.1538263678318162,-0.0092592592592592,-0.9259258333333412,34.21878310904203,40.75406813166917,0.4907407407407407,39.89587676082198
SERRFCorrector,24,0.01,0.4845679012345678,0.1482124346116416,0.0,0.0,20.69628556712588,21.84738856218105,0.4845679012345678,28.89041707997307
SERRFCorrector,25,0.01,0.4722222222222222,0.1469861839480328,-0.0092592592592592,-0.9259258333333412,28.36882437579759,26.317151874940585,0.4814814814814814,33.99107814630658
SERRFCorrector,26,0.01,0.5185185185185186,0.1458149606298483,0.0092592592592594,0.925925833333358,22.949105166671323,21.223364158812245,0.5092592592592592,36.07572107612504
SERRFCorrector,27,0.01,0.4845679012345678,0.1571954515832943,0.0,0.0,45.48480933308595,59.73352053962944,0.4845679012345678,59.97262674574255
SERRFCorrector,28,0.01,0.4876543209876542,0.1505084609905754,0.0030864197530864,0.3086419444444489,48.789563303329146,44.36308118450332,0.4845679012345678,56.45687201244765
SERRFCorrector,29,0.01,0.4938271604938271,0.1559176659298159,0.0092592592592592,0.9259258333333412,37.03595776064487,37.19768899618344,0.4845679012345678,49.61038194674126
SERRFCorrector,30,0.01,0.4753086419753086,0.1518317762499857,-0.0061728395061728,-0.6172838888888923,105.17630755163584,119.70967360443012,0.4814814814814814,128.8599398887483
SERRFCorrector,0,0.013,0.5123456790123456,0.1533301524490644,-0.0030864197530865,-0.237416885820743,8.004061320091544,13.308315357219644,0.5154320987654322,9.168907954552049
SERRFCorrector,1,0.013,0.4845679012345678,0.1464667965148725,0.0061728395061728,0.4748337716414646,17.365813019975633,20.117983652118976,0.478395061728395,33.77667483416764
SERRFCorrector,2,0.013,0.5709876543209877,0.1323206858655927,0.0216049382716049,1.6619182007451327,7.769513759591909,11.80204861986358,0.5493827160493828,11.816788244580854
SERRFCorrector,3,0.013,0.5,0.1582222915799543,0.015432098765432,1.1870844291036635,5.875565152566511,12.748855310745151,0.4845679012345679,14.581531813810592
SERRFCorrector,4,0.013,0.5864197530864198,0.1944199475064645,0.0308641975308642,2.374168858207336,7.394385372872467,11.668065702031964,0.5555555555555556,8.4158085563581
SERRFCorrector,5,0.013,0.4691358024691358,0.1518317762499857,-0.0216049382716049,-1.6619182007451327,6.649369274929717,12.117984282352912,0.4907407407407407,18.62026229816613
SERRFCorrector,6,0.013,0.4876543209876542,0.1505084609905754,0.0030864197530864,0.2374168858207344,23.64362780936661,23.659635126989667,0.4845679012345678,34.90798298314577
SERRFCorrector,7,0.013,0.4598765432098766,0.1614996969376682,-0.0339506172839506,-2.611585744028066,26.980946083226502,40.845848281032886,0.4938271604938272,30.51096333344792
SERRFCorrector,8,0.013,0.478395061728395,0.1741025281008698,0.0030864197530863,0.2374168858207301,18.503572524729112,19.51991956996344,0.4753086419753086,25.9828561574089
SERRFCorrector,9,0.013,0.4876543209876544,0.1482124346116416,0.0123456790123457,0.9496675432829378,20.388259141780907,20.638745491160225,0.4753086419753086,26.47473479327075
SERRFCorrector,10,0.013,0.654320987654321,0.1856988760060657,0.0895061728395062,6.885089688801274,6.915446327148947,13.832549559858748,0.5648148148148148,15.588235109929796
SERRFCorrector,11,0.013,0.4845679012345678,0.1544443951011951,0.0061728395061728,0.4748337716414646,30.874141252785297,27.726463154063207,0.478395061728395,40.44292499063709
SERRFCorrector,12,0.013,0.4814814814814814,0.1624993405072615,-0.0030864197530863,-0.2374168858207301,11.731607785583284,15.475364194903882,0.4845679012345678,19.679643475519555
SERRFCorrector,13,0.013,0.4938271604938272,0.1537024641727004,-0.0123456790123456,-0.9496675432829336,29.633828991566435,34.21698046385023,0.5061728395061729,39.63121784075345
SERRFCorrector,14,0.013,0.4845679012345678,0.1505084609905754,0.0030864197530863,0.2374168858207301,21.96400880623528,22.007468122807836,0.4814814814814814,28.42816200644789
SERRFCorrector,15,0.013,0.4876543209876542,0.1533301524490644,0.0030864197530864,0.2374168858207344,21.60143336332348,18.29547971730612,0.4845679012345678,30.48030659946083
SERRFCorrector,16,0.013,0.4907407407407407,0.1493010694129361,-0.0061728395061728,-0.4748337716414646,24.54190073391588,25.49316034583108,0.4969135802469135,35.6406719934226
SERRFCorrector,17,0.013,0.4938271604938272,0.1396754135677131,0.0092592592592593,0.7122506574622076,17.589753677452403,15.759237886127943,0.4845679012345678,23.1023523310738
SERRFCorrector,18,0.013,0.4845679012345678,0.1588232139539334,-0.0061728395061728,-0.4748337716414689,44.65429098563267,47.97441017516831,0.4907407407407407,51.931989871637775
SERRFCorrector,19,0.013,0.4845679012345678,0.1482124346116415,0.0,0.0,56.75367604952702,53.836078184406176,0.4845679012345678,61.38349961491213
SERRFCorrector,20,0.013,0.4907407407407407,0.1571348402636772,-0.0092592592592592,-0.7122506574621991,16.390044856534754,15.885343159458312,0.5,23.27253935146643
SERRFCorrector,21,0.013,0.4845679012345678,0.1614996969376682,-0.0185185185185186,-1.4245013149244068,44.38246029692,42.22819889534566,0.5030864197530864,57.02746217125432
SERRFCorrector,22,0.013,0.4722222222222222,0.160375074774896,-0.052469135802469,-4.03608705895246,13.72643900340535,20.994197354026515,0.5246913580246912,23.062041349470636
SERRFCorrector,23,0.013,0.4814814814814814,0.1538263678318162,-0.0123456790123456,-0.9496675432829292,34.21878310904203,40.78592778266306,0.4938271604938271,39.89587676082198
SERRFCorrector,24,0.013,0.4814814814814814,0.1521451548625461,-0.0061728395061728,-0.4748337716414646,20.69628556712588,21.833158666484465,0.4876543209876542,28.89041707997307
SERRFCorrector,25,0.013,0.462962962962963,0.1565882826415533,-0.0185185185185184,-1.424501314924394,28.36882437579759,26.281812439555363,0.4814814814814814,33.99107814630658
SERRFCorrector,26,0.013,0.5185185185185186,0.1458149606298483,0.0123456790123457,0.9496675432829378,22.949105166671323,21.25327524292698,0.5061728395061729,36.07572107612504
SERRFCorrector,27,0.013,0.4876543209876542,0.1571954515832943,0.0030864197530864,0.2374168858207344,45.48480933308595,59.68467823799445,0.4845679012345678,59.97262674574255
SERRFCorrector,28,0.013,0.4907407407407407,0.1532680125671004,0.0030864197530864,0.2374168858207344,48.789563303329146,44.329893179108765,0.4876543209876542,56.45687201244765
SERRFCorrector,29,0.013,0.4938271604938272,0.15646656611897,0.0061728395061729,0.4748337716414731,37.03595776064487,37.184073544390905,0.4876543209876542,49.61038194674126
SERRFCorrector,30,0.013,0.478395061728395,0.1537024641727004,-0.0030864197530864,-0.2374168858207344,105.17630755163584,119.66332140294148,0.4814814814814814,128.8599398887483
SERRFCorrector,0,0.0169,0.5216049382716048,0.1531436571611762,-0.0092592592592595,-0.5478851308505558,8.004061320091544,13.344430249287646,0.5308641975308643,9.168907954552049
SERRFCorrector,1,0.0169,0.4753086419753086,0.1600778083937029,0.0030864197530864,0.1826283769501809,17.365813019975633,20.09229779974505,0.4722222222222222,33.77667483416764
SERRFCorrector,2,0.0169,0.5895061728395061,0.1198548632033802,0.015432098765432,0.913141884750898,7.769513759591909,11.871867750813012,0.5740740740740741,11.816788244580854
SERRFCorrector,3,0.0169,0.5123456790123457,0.1429115667011139,0.0123456790123456,0.730513507800717,5.875565152566511,12.800738395537994,0.5000000000000001,14.581531813810592
SERRFCorrector,4,0.0169,0.6141975308641976,0.1952999014760046,0.0123456790123458,0.7305135078007301,7.394385372872467,11.750088175185676,0.6018518518518517,8.4158085563581
SERRFCorrector,5,0.0169,0.462962962962963,0.1549370419507547,-0.0339506172839505,-2.0089121464519764,6.649369274929717,12.144119069778403,0.4969135802469135,18.62026229816613
SERRFCorrector,6,0.0169,0.4876543209876544,0.1549985127097496,0.0030864197530865,0.1826283769501874,23.64362780936661,23.628991365909137,0.4845679012345678,34.90798298314577
SERRFCorrector,7,0.0169,0.462962962962963,0.15876322406928,-0.0339506172839505,-2.0089121464519764,26.980946083226502,40.82140332972792,0.4969135802469135,30.51096333344792
SERRFCorrector,8,0.0169,0.4753086419753086,0.1627336583514082,-0.0092592592592591,-0.547885130850536,18.503572524729112,19.51569899412169,0.4845679012345678,25.9828561574089
SERRFCorrector,9,0.0169,0.4876543209876542,0.1487897628789376,0.0123456790123456,0.730513507800717,20.388259141780907,20.62613965009437,0.4753086419753086,26.47473479327075
SERRFCorrector,10,0.0169,0.6697530864197532,0.1863134354665009,0.0864197530864198,5.113594554605045,6.915446327148947,13.95262176878238,0.5833333333333334,15.588235109929796
SERRFCorrector,11,0.0169,0.478395061728395,0.15646656611897,0.0,0.0,30.874141252785297,27.69912159796281,0.478395061728395,40.44292499063709
SERRFCorrector,12,0.0169,0.4938271604938272,0.1650008198101686,0.0061728395061729,0.365256753900365,11.731607785583284,15.472379988375378,0.4876543209876542,19.679643475519555
SERRFCorrector,13,0.0169,0.4907407407407407,0.1571348402636772,-0.0185185185185186,-1.0957702617010854,29.633828991566435,34.266372260577576,0.5092592592592593,39.63121784075345
SERRFCorrector,14,0.0169,0.4876543209876544,0.1614996969376682,0.0030864197530865,0.1826283769501874,21.96400880623528,21.989078949430667,0.4845679012345678,28.42816200644789
SERRFCorrector,15,0.0169,0.4814814814814814,0.1614407016126175,-0.0030864197530863,-0.1826283769501775,21.60143336332348,18.258547173166047,0.4845679012345678,30.48030659946083
SERRFCorrector,16,0.0169,0.4969135802469135,0.1495560671553792,0.0030864197530864,0.1826283769501841,24.54190073391588,25.48140530852349,0.4938271604938271,35.6406719934226
SERRFCorrector,17,0.0169,0.5092592592592593,0.145225806864427,0.0154320987654322,0.9131418847509076,17.589753677452403,15.74923665749027,0.4938271604938271,23.1023523310738
SERRFCorrector,18,0.0169,0.4814814814814814,0.1624993405072615,-0.0123456790123456,-0.730513507800717,44.65429098563267,47.93036745619158,0.4938271604938271,51.931989871637775
SERRFCorrector,19,0.0169,0.4814814814814814,0.1521451548625461,-0.0061728395061728,-0.3652567539003585,56.75367604952702,53.86819203241691,0.4876543209876542,61.38349961491213
SERRFCorrector,20,0.0169,0.4999999999999999,0.1538263678318162,0.0061728395061728,0.3652567539003585,16.390044856534754,15.916524950174946,0.4938271604938271,23.27253935146643
SERRFCorrector,21,0.0169,0.4876543209876542,0.1630845038718877,-0.0154320987654321,-0.9131418847509044,44.38246029692,42.2164685400648,0.5030864197530864,57.02746217125432
SERRFCorrector,22,0.0169,0.4876543209876542,0.1499377506356928,-0.0401234567901235,-2.3741689003523447,13.72643900340535,21.04875889793488,0.5277777777777778,23.062041349470636
SERRFCorrector,23,0.0169,0.4845679012345678,0.1561008471160715,-0.0030864197530864,-0.1826283769501809,34.21878310904203,40.83084077860357,0.4876543209876542,39.89587676082198
SERRFCorrector,24,0.0169,0.478395061728395,0.1639583331517707,-0.0185185185185185,-1.095770261701082,20.69628556712588,21.82087820999376,0.4969135802469135,28.89041707997307
SERRFCorrector,25,0.0169,0.462962962962963,0.1582222915799543,-0.0216049382716048,-1.2783986386512531,28.36882437579759,26.241229465776293,0.4845679012345678,33.99107814630658
SERRFCorrector,26,0.0169,0.5308641975308642,0.1523953937731914,0.0061728395061729,0.3652567539003683,22.949105166671323,21.29850448046065,0.5246913580246912,36.07572107612504
SERRFCorrector,27,0.0169,0.4907407407407407,0.15876322406928,0.0061728395061729,0.365256753900365,45.48480933308595,59.624217908787614,0.4845679012345678,59.97262674574255
SERRFCorrector,28,0.0169,0.4907407407407407,0.1532680125671004,-0.0030864197530863,-0.1826283769501775,48.789563303329146,44.290252505011445,0.4938271604938271,56.45687201244765
SERRFCorrector,29,0.0169,0.4969135802469135,0.1653468547651712,0.0092592592592593,0.5478851308505427,37.03595776064487,37.17047774559772,0.4876543209876542,49.61038194674126
SERRFCorrector,30,0.0169,0.478395061728395,0.1537024641727004,-0.0030864197530864,-0.1826283769501809,105.17630755163584,119.60605251373208,0.4814814814814814,128.8599398887483
SERRFCorrector,0,0.022,0.5617283950617283,0.1480194914602691,0.0030864197530863,0.1402918005815691,8.004061320091544,13.407588570314095,0.558641975308642,9.168907954552049
SERRFCorrector,1,0.022,0.4722222222222222,0.1614407016126175,-0.0030864197530864,-0.1402918005815742,17.365813019975633,20.069775726279087,0.4753086419753086,33.77667483416764
SERRFCorrector,2,0.022,0.6141975308641976,0.1122201170536904,0.0216049382716049,0.9820426040710146,7.769513759591909,11.980701597567675,0.5925925925925927,11.816788244580854
SERRFCorrector,3,0.022,0.5401234567901236,0.1458802752851416,0.0308641975308642,1.4029180058157371,5.875565152566511,12.885218234651663,0.5092592592592594,14.581531813810592
SERRFCorrector,4,0.022,0.6481481481481483,0.2082818866518887,0.021604938271605,0.9820426040710196,7.394385372872467,11.875025024924277,0.6265432098765432,8.4158085563581
SERRFCorrector,5,0.022,0.4876543209876542,0.1516434382288672,-0.0216049382716049,-0.9820426040710146,6.649369274929717,12.196813760800064,0.5092592592592592,18.62026229816613
SERRFCorrector,6,0.022,0.4969135802469135,0.156283813594718,0.0030864197530864,0.1402918005815767,23.64362780936661,23.59888631641831,0.4938271604938271,34.90798298314577
SERRFCorrector,7,0.022,0.4537037037037036,0.15876322406928,-0.0308641975308641,-1.402918005815735,26.980946083226502,40.79582363501829,0.4845679012345678,30.51096333344792
SERRFCorrector,8,0.022,0.4876543209876542,0.1598991832961557,0.0030864197530863,0.1402918005815691,18.503572524729112,19.52200419920588,0.4845679012345679,25.9828561574089
SERRFCorrector,9,0.022,0.4938271604938272,0.1445024680335756,0.0123456790123457,0.5611672023262969,20.388259141780907,20.621102946540645,0.4814814814814814,26.47473479327075
SERRFCorrector,10,0.022,0.691358024691358,0.1783192200698061,0.0833333333333332,3.787878615702484,6.915446327148947,14.123181013893907,0.6080246913580247,15.588235109929796
SERRFCorrector,11,0.022,0.4814814814814814,0.1614407016126175,0.0030864197530864,0.1402918005815742,30.874141252785297,27.671994353606276,0.478395061728395,40.44292499063709
SERRFCorrector,12,0.022,0.5,0.1538263678318162,0.0030864197530864,0.1402918005815767,11.731607785583284,15.48328331302831,0.4969135802469135,19.679643475519555
SERRFCorrector,13,0.022,0.4907407407407407,0.1571348402636772,-0.021604938271605,-0.9820426040710196,29.633828991566435,34.337587475842525,0.5123456790123457,39.63121784075345
SERRFCorrector,14,0.022,0.4938271604938272,0.1623820547897025,0.0123456790123457,0.5611672023262969,21.96400880623528,21.975353028320065,0.4814814814814814,28.42816200644789
SERRFCorrector,15,0.022,0.4845679012345678,0.1692754222321245,-0.0061728395061728,-0.2805836011631484,21.60143336332348,18.22301576597447,0.4907407407407407,30.48030659946083
SERRFCorrector,16,0.022,0.4938271604938272,0.1415048566215759,-0.0030864197530863,-0.1402918005815691,24.54190073391588,25.475221204290637,0.4969135802469135,35.6406719934226
SERRFCorrector,17,0.022,0.5185185185185185,0.1593023197600486,0.0123456790123456,0.5611672023262919,17.589753677452403,15.750337103292718,0.5061728395061729,23.1023523310738
SERRFCorrector,18,0.022,0.4660493827160493,0.1685987689351563,-0.0308641975308642,-1.4029180058157398,44.65429098563267,47.87883585809032,0.4969135802469135,51.931989871637775
SERRFCorrector,19,0.022,0.4814814814814814,0.1521451548625461,-0.0092592592592593,-0.4208754017447227,56.75367604952702,53.91495032945952,0.4907407407407407,61.38349961491213
SERRFCorrector,20,0.022,0.5308641975308642,0.1616765537494913,0.0092592592592594,0.4208754017447277,16.390044856534754,15.971346011715436,0.5216049382716048,23.27253935146643
SERRFCorrector,21,0.022,0.4876543209876542,0.1630845038718877,-0.0185185185185186,-0.8417508034894454,44.38246029692,42.20709524308566,0.5061728395061729,57.02746217125432
SERRFCorrector,22,0.022,0.5061728395061729,0.1480194914602691,-0.0308641975308642,-1.4029180058157371,13.72643900340535,21.130465492120933,0.5370370370370371,23.062041349470636
SERRFCorrector,23,0.022,0.4845679012345679,0.1604344619551485,-0.0061728395061727,-0.2805836011631434,34.21878310904203,40.89543465490529,0.4907407407407407,39.89587676082198
SERRFCorrector,24,0.022,0.4814814814814814,0.1640744920987903,-0.0185185185185185,-0.8417508034894429,20.69628556712588,21.815319852138423,0.5,28.89041707997307
SERRFCorrector,25,0.022,0.4598765432098766,0.1620296882519344,-0.0339506172839506,-1.543209806397309,28.36882437579759,26.19723873826042,0.4938271604938272,33.99107814630658
SERRFCorrector,26,0.022,0.5401234567901235,0.1555506563994339,0.0030864197530864,0.1402918005815742,22.949105166671323,21.368264778912277,0.5370370370370371,36.07572107612504
SERRFCorrector,27,0.022,0.4938271604938272,0.1618532173102085,1.1102230246251563e-16,5.0464680643658005e-15,45.48480933308595,59.5502886496762,0.4938271604938271,59.97262674574255
SERRFCorrector,28,0.022,0.4969135802469135,0.1551827788885992,-0.0030864197530863,-0.1402918005815691,48.789563303329146,44.24434120279272,0.4999999999999999,56.45687201244765
SERRFCorrector,29,0.022,0.5030864197530864,0.1674080447200076,0.0030864197530864,0.1402918005815742,37.03595776064487,37.159625361114,0.5,49.61038194674126
SERRFCorrector,30,0.022,0.478395061728395,0.1537024641727004,-0.0030864197530864,-0.1402918005815742,105.17630755163584,119.53620536090826,0.4814814814814814,128.8599398887483
SERRFCorrector,0,0.0287,0.5956790123456791,0.1636093614901058,-0.0092592592592591,-0.3226222626005898,8.004061320091544,13.517148696729144,0.6049382716049383,9.168907954552049
SERRFCorrector,1,0.0287,0.4845679012345678,0.1656921670551796,0.0030864197530863,0.1075407542001959,17.365813019975633,20.05902245617397,0.4814814814814814,33.77667483416764
SERRFCorrector,2,0.0287,0.6512345679012346,0.1015239765641884,0.021604938271605,0.7527852794013852,7.769513759591909,12.152522405595906,0.6296296296296295,11.816788244580854
SERRFCorrector,3,0.0287,0.5833333333333334,0.1446342532575306,0.0401234567901234,1.3980298046025648,5.875565152566511,13.02378653664206,0.54320987654321,14.581531813810592
SERRFCorrector,4,0.0287,0.6820987654320988,0.1982048686173126,0.0030864197530864,0.1075407542001978,7.394385372872467,12.068096269420291,0.6790123456790124,8.4158085563581
SERRFCorrector,5,0.0287,0.5061728395061729,0.1553668265265829,-0.0092592592592593,-0.3226222626005937,6.649369274929717,12.29698638663781,0.5154320987654322,18.62026229816613
SERRFCorrector,6,0.0287,0.4938271604938272,0.1618532173102085,-0.0123456790123456,-0.4301630168007896,23.64362780936661,23.576310883878023,0.5061728395061729,34.90798298314577
SERRFCorrector,7,0.0287,0.4660493827160494,0.1685987689351563,-0.015432098765432,-0.5377037710009855,26.980946083226502,40.77307848537004,0.4814814814814814,30.51096333344792
SERRFCorrector,8,0.0287,0.4938271604938271,0.1445024680335756,-0.0030864197530864,-0.1075407542001998,18.503572524729112,19.55031621723805,0.4969135802469135,25.9828561574089
SERRFCorrector,9,0.0287,0.5,0.1410328352937761,0.0092592592592593,0.3226222626005937,20.388259141780907,20.63391527768352,0.4907407407407407,26.47473479327075
SERRFCorrector,10,0.0287,0.7160493827160495,0.1701174540681564,0.0802469135802469,2.796059609205133,6.915446327148947,14.369274119424164,0.6358024691358025,15.588235109929796
SERRFCorrector,11,0.0287,0.478395061728395,0.1623820547897025,-0.0061728395061729,-0.2150815084003977,30.874141252785297,27.651037406247,0.4845679012345679,40.44292499063709
SERRFCorrector,12,0.0287,0.5246913580246914,0.1495560671553792,0.0216049382716048,0.7527852794013775,11.731607785583284,15.522645168513153,0.5030864197530865,19.679643475519555
SERRFCorrector,13,0.0287,0.4969135802469135,0.1632596438942986,-0.0185185185185186,-0.6452445252011874,29.633828991566435,34.44228136331249,0.5154320987654322,39.63121784075345
SERRFCorrector,14,0.0287,0.4938271604938272,0.1629091755604524,0.0061728395061729,0.2150815084003977,21.96400880623528,21.97485978314625,0.4876543209876542,28.42816200644789
SERRFCorrector,15,0.0287,0.4814814814814814,0.1737191022156826,-0.0185185185185184,-0.6452445252011815,21.60143336332348,18.19811807724624,0.4999999999999999,30.48030659946083
SERRFCorrector,16,0.0287,0.5030864197530864,0.1406947076548331,0.0,0.0,24.54190073391588,25.48269028079721,0.5030864197530864,35.6406719934226
SERRFCorrector,17,0.0287,0.5432098765432098,0.1620296882519344,0.0339506172839506,1.182948296202173,17.589753677452403,15.775814769410488,0.5092592592592592,23.1023523310738
SERRFCorrector,18,0.0287,0.4691358024691357,0.1694441633495161,-0.0277777777777777,-0.9678667878017772,44.65429098563267,47.82146004421123,0.4969135802469135,51.931989871637775
SERRFCorrector,19,0.0287,0.4814814814814814,0.1521451548625461,-0.0154320987654321,-0.5377037710009875,56.75367604952702,53.98441247393792,0.4969135802469135,61.38349961491213
SERRFCorrector,20,0.0287,0.5679012345679012,0.1916067678415896,0.0185185185185184,0.6452445252011835,16.390044856534754,16.06690693040825,0.5493827160493827,23.27253935146643
SERRFCorrector,21,0.0287,0.4969135802469135,0.1632596438942987,-0.0092592592592593,-0.3226222626005955,44.38246029692,42.20491035538932,0.5061728395061729,57.02746217125432
SERRFCorrector,22,0.0287,0.5185185185185186,0.1582222915799543,-0.0185185185185183,-0.6452445252011796,13.72643900340535,21.255128239286837,0.537037037037037,23.062041349470636
SERRFCorrector,23,0.0287,0.4969135802469135,0.1658645536116593,0.0030864197530864,0.1075407542001998,34.21878310904203,40.99016053441825,0.4938271604938271,39.89587676082198
SERRFCorrector,24,0.0287,0.4814814814814814,0.156039810614377,-0.0216049382716049,-0.7527852794013833,20.69628556712588,21.82583894838915,0.5030864197530864,28.89041707997307
SERRFCorrector,25,0.0287,0.4598765432098766,0.16465405763394,-0.0246913580246912,-0.8603260336015753,28.36882437579759,26.154932469788346,0.4845679012345678,33.99107814630658
SERRFCorrector,26,0.0287,0.5524691358024691,0.1584629339875732,0.0061728395061728,0.2150815084003957,22.949105166671323,21.4777030860868,0.5462962962962963,36.07572107612504
SERRFCorrector,27,0.0287,0.4938271604938272,0.1618532173102085,1.1102230246251563e-16,3.868372773315083e-15,45.48480933308595,59.46191250012026,0.4938271604938271,59.97262674574255
SERRFCorrector,28,0.0287,0.4969135802469135,0.1551827788885992,-0.0061728395061728,-0.2150815084003957,48.789563303329146,44.19411799990956,0.5030864197530864,56.45687201244765
SERRFCorrector,29,0.0287,0.4907407407407407,0.1676923173729151,-0.0061728395061728,-0.2150815084003957,37.03595776064487,37.15712620418248,0.4969135802469135,49.61038194674126
SERRFCorrector,30,0.0287,0.478395061728395,0.1537024641727004,-0.0030864197530864,-0.1075407542001978,105.17630755163584,119.45300635612288,0.4814814814814814,128.8599398887483
SERRFCorrector,0,0.0373,0.6604938271604939,0.1660367611890464,0.0246913580246913,0.6619666853277392,8.004061320091544,13.699974049323988,0.6358024691358025,9.168907954552049
SERRFCorrector,1,0.0373,0.4753086419753087,0.178319220069806,-0.0216049382716047,-0.5792208496617669,17.365813019975633,20.07598400847944,0.4969135802469135,33.77667483416764
SERRFCorrector,2,0.0373,0.70679012345679,0.098087954210313,0.0246913580246912,0.6619666853277362,7.769513759591909,12.417946837337588,0.6820987654320988,11.816788244580854
SERRFCorrector,3,0.0373,0.6296296296296297,0.1481481481481481,0.0524691358024691,1.4066792063214462,5.875565152566511,13.245054229391773,0.5771604938271605,14.581531813810592
SERRFCorrector,4,0.0373,0.7160493827160495,0.1850822759329006,0.0061728395061728,0.1654916713319355,7.394385372872467,12.36065762122805,0.7098765432098766,8.4158085563581
SERRFCorrector,5,0.0373,0.5555555555555556,0.1446342532575306,0.015432098765432,0.4137291783298358,6.649369274929717,12.47468042852648,0.5401234567901235,18.62026229816613
SERRFCorrector,6,0.0373,0.4907407407407407,0.1510139484287045,-0.0123456790123455,-0.3309833426638666,23.64362780936661,23.575101915260277,0.5030864197530863,34.90798298314577
SERRFCorrector,7,0.0373,0.4845679012345679,0.1641325407445473,-0.0030864197530863,-0.0827458356659648,26.980946083226502,40.76163732526651,0.4876543209876542,30.51096333344792
SERRFCorrector,8,0.0373,0.5,0.1434438276373117,-0.0185185185185184,-0.4964750139958036,18.503572524729112,19.61916086262657,0.5185185185185185,25.9828561574089
SERRFCorrector,9,0.0373,0.4907407407407407,0.141032835293776,-0.0185185185185186,-0.4964750139958066,20.388259141780907,20.68198155543603,0.5092592592592593,26.47473479327075
SERRFCorrector,10,0.0373,0.7314814814814814,0.1722321781272062,0.0586419753086419,1.5721708776533787,6.915446327148947,14.71900600541258,0.6728395061728395,15.588235109929796
SERRFCorrector,11,0.0373,0.5,0.1676923173729151,0.0061728395061729,0.165491671331937,30.874141252785297,27.648144881084143,0.4938271604938271,40.44292499063709
SERRFCorrector,12,0.0373,0.5462962962962963,0.1543827037086395,0.0092592592592591,0.2482375069979003,11.731607785583284,15.613641290708664,0.5370370370370371,19.679643475519555
SERRFCorrector,13,0.0373,0.5154320987654321,0.1630845038718877,-0.0092592592592593,-0.2482375069979033,29.633828991566435,34.59459406842703,0.5246913580246914,39.63121784075345
SERRFCorrector,14,0.0373,0.5154320987654321,0.1522077531597278,0.0308641975308641,0.8274583566596717,21.96400880623528,22.00282986693884,0.4845679012345679,28.42816200644789
SERRFCorrector,15,0.0373,0.4969135802469135,0.1616765537494913,-0.015432098765432,-0.4137291783298358,21.60143336332348,18.20182977599389,0.5123456790123456,30.48030659946083
SERRFCorrector,16,0.0373,0.5216049382716048,0.1485975693482805,0.0030864197530862,0.0827458356659618,24.54190073391588,25.51768105559499,0.5185185185185186,35.6406719934226
SERRFCorrector,17,0.0373,0.5925925925925926,0.1959815785973771,0.052469135802469,1.4066792063214433,17.589753677452403,15.847489494922714,0.5401234567901235,23.1023523310738
SERRFCorrector,18,0.0373,0.4660493827160493,0.1721215246123294,-0.0246913580246914,-0.6619666853277422,44.65429098563267,47.76472259377278,0.4907407407407407,51.931989871637775
SERRFCorrector,19,0.0373,0.4938271604938272,0.1602562343919403,-0.015432098765432,-0.4137291783298344,56.75367604952702,54.08657628105531,0.5092592592592592,61.38349961491213
SERRFCorrector,20,0.0373,0.6018518518518519,0.1937819401523736,0.0308641975308641,0.8274583566596717,16.390044856534754,16.22719762148681,0.5709876543209877,23.27253935146643
SERRFCorrector,21,0.0373,0.5,0.160908770342433,-0.0246913580246913,-0.6619666853277392,44.38246029692,42.21863349254348,0.5246913580246914,57.02746217125432
SERRFCorrector,22,0.0373,0.5339506172839505,0.1760612431722427,-0.0123456790123457,-0.3309833426638711,13.72643900340535,21.442812219888875,0.5462962962962963,23.062041349470636
SERRFCorrector,23,0.0373,0.5,0.1676923173729151,-0.0061728395061727,-0.1654916713319325,34.21878310904203,41.127671731969386,0.5061728395061728,39.89587676082198
SERRFCorrector,24,0.0373,0.4876543209876542,0.1609679606222876,-0.0308641975308643,-0.8274583566596777,20.69628556712588,21.868355604632217,0.5185185185185186,28.89041707997307
SERRFCorrector,25,0.0373,0.462962962962963,0.1538263678318162,-0.0308641975308641,-0.8274583566596733,28.36882437579759,26.12602311118532,0.4938271604938272,33.99107814630658
SERRFCorrector,26,0.0373,0.5771604938271605,0.15646656611897,0.0246913580246914,0.6619666853277422,22.949105166671323,21.646675953556137,0.552469135802469,36.07572107612504
SERRFCorrector,27,0.0373,0.5,0.1565882826415533,-0.0061728395061728,-0.1654916713319355,45.48480933308595,59.36281581826714,0.5061728395061729,59.97262674574255
SERRFCorrector,28,0.0373,0.5000000000000001,0.1587632240692801,-0.0092592592592591,-0.2482375069979003,48.789563303329146,44.14618483648909,0.5092592592592593,56.45687201244765
SERRFCorrector,29,0.0373,0.5,0.1624993405072615,-0.0061728395061728,-0.1654916713319355,37.03595776064487,37.17309585975364,0.5061728395061729,49.61038194674126
SERRFCorrector,30,0.0373,0.4845679012345678,0.1505084609905754,-0.0092592592592592,-0.2482375069979018,105.17630755163584,119.36018978912226,0.4938271604938271,128.8599398887483
SERRFCorrector,0,0.0486,0.697530864197531,0.141302754842711,0.0246913580246914,0.5080526237991532,8.004061320091544,14.007277736078748,0.6728395061728395,9.168907954552049
SERRFCorrector,1,0.0486,0.5030864197530864,0.1917558588519638,-0.0092592592592591,-0.1905197339246801,17.365813019975633,20.149307793874744,0.5123456790123456,33.77667483416764
SERRFCorrector,2,0.0486,0.7716049382716049,0.1012420954744242,0.0185185185185184,0.3810394678493626,7.769513759591909,12.836124770414436,0.7530864197530864,11.816788244580854
SERRFCorrector,3,0.0486,0.6790123456790123,0.138028887499987,0.0462962962962961,0.9525986696234054,5.875565152566511,13.603979319819407,0.6327160493827161,14.581531813810592
SERRFCorrector,4,0.0486,0.7592592592592593,0.1682027974498607,-0.0030864197530864,-0.0635065779748941,7.394385372872467,12.813703190298511,0.7623456790123457,8.4158085563581
SERRFCorrector,5,0.0486,0.6265432098765432,0.1544443951011951,0.058641975308642,1.2066249815229844,6.649369274929717,12.786031175162146,0.5679012345679012,18.62026229816613
SERRFCorrector,6,0.0486,0.5216049382716049,0.1675786661789904,-0.0061728395061728,-0.1270131559497883,23.64362780936661,23.619726186658298,0.5277777777777778,34.90798298314577
SERRFCorrector,7,0.0486,0.4660493827160495,0.1701174540681564,-0.0185185185185183,-0.3810394678493592,26.980946083226502,40.776196465281565,0.4845679012345678,30.51096333344792
SERRFCorrector,8,0.0486,0.5493827160493827,0.146271550753985,0.0061728395061728,0.1270131559497883,18.503572524729112,19.763062202661704,0.5432098765432098,25.9828561574089
SERRFCorrector,9,0.0486,0.5401234567901234,0.1762234867113604,0.0030864197530863,0.0635065779748918,20.388259141780907,20.797344585587076,0.5370370370370371,26.47473479327075
SERRFCorrector,10,0.0486,0.7777777777777778,0.1549370419507547,0.0617283950617283,1.2701315594978762,6.915446327148947,15.230274551436707,0.7160493827160495,15.588235109929796
SERRFCorrector,11,0.0486,0.5216049382716049,0.1639583331517706,0.021604938271605,0.444546045824259,30.874141252785297,27.68431755509254,0.4999999999999999,40.44292499063709
SERRFCorrector,12,0.0486,0.5617283950617284,0.1450945589326315,-0.0030864197530864,-0.0635065779748941,11.731607785583284,15.799205937845889,0.5648148148148149,19.679643475519555
SERRFCorrector,13,0.0486,0.5462962962962963,0.1761694221337078,0.0,0.0,29.633828991566435,34.82400179539379,0.5462962962962963,39.63121784075345
SERRFCorrector,14,0.0486,0.5524691358024691,0.1512660587017635,0.0216049382716048,0.4445460458242545,21.96400880623528,22.086970636415437,0.5308641975308643,28.42816200644789
SERRFCorrector,15,0.0486,0.5462962962962963,0.1687117329471166,0.021604938271605,0.444546045824259,21.60143336332348,18.26600565856712,0.5246913580246912,30.48030659946083
SERRFCorrector,16,0.0486,0.537037037037037,0.1498742042244319,0.0123456790123457,0.2540263118995766,24.54190073391588,25.60572751012314,0.5246913580246912,35.6406719934226
SERRFCorrector,17,0.0486,0.6388888888888888,0.2070433312499805,0.0462962962962962,0.9525986696234076,17.589753677452403,16.005520106157142,0.5925925925925926,23.1023523310738
SERRFCorrector,18,0.0486,0.4691358024691358,0.1729497003224926,-0.0246913580246912,-0.5080526237991486,44.65429098563267,47.71843655957812,0.4938271604938271,51.931989871637775
SERRFCorrector,19,0.0486,0.4969135802469135,0.1622059672033446,-0.0216049382716049,-0.4445460458242568,56.75367604952702,54.242214742013616,0.5185185185185185,61.38349961491213
SERRFCorrector,20,0.0486,0.6574074074074074,0.1702294102856503,0.0432098765432099,0.8890920916485158,16.390044856534754,16.4983398084864,0.6141975308641975,23.27253935146643
SERRFCorrector,21,0.0486,0.5030864197530864,0.1627336583514082,-0.0370370370370369,-0.7620789356987252,44.38246029692,42.264146411763335,0.5401234567901234,57.02746217125432
SERRFCorrector,22,0.0486,0.5679012345679012,0.1810231888717923,-0.0061728395061728,-0.1270131559497883,13.72643900340535,21.734023471022173,0.5740740740740741,23.062041349470636
SERRFCorrector,23,0.0486,0.5185185185185186,0.1661514670826515,0.0,0.0,34.21878310904203,41.33444515461545,0.5185185185185186,39.89587676082198
SERRFCorrector,24,0.0486,0.5246913580246914,0.1926479819052745,-0.0092592592592591,-0.1905197339246801,20.69628556712588,21.972179400969434,0.5339506172839505,28.89041707997307
SERRFCorrector,25,0.0486,0.4814814814814814,0.1702294102856503,-0.0185185185185185,-0.3810394678493637,28.36882437579759,26.1304626250284,0.5,33.99107814630658
SERRFCorrector,26,0.0486,0.6049382716049383,0.1680894914097543,0.0308641975308643,0.6350657797489415,22.949105166671323,21.91480764589161,0.574074074074074,36.07572107612504
SERRFCorrector,27,0.0486,0.5061728395061729,0.1586431762456345,-0.0030864197530863,-0.0635065779748918,45.48480933308595,59.25661919224437,0.5092592592592592,59.97262674574255
SERRFCorrector,28,0.0486,0.4938271604938272,0.1537024641727004,-0.0123456790123456,-0.2540263118995755,48.789563303329146,44.1108393351399,0.5061728395061729,56.45687201244765
SERRFCorrector,29,0.0486,0.4969135802469135,0.1684291808597809,-0.0185185185185186,-0.3810394678493649,37.03595776064487,37.225936508902166,0.5154320987654322,49.61038194674126
SERRFCorrector,30,0.0486,0.4938271604938272,0.1581018330230333,-0.0030864197530863,-0.063506577974893,105.17630755163584,119.26150983160076,0.4969135802469135,128.8599398887483
SERRFCorrector,0,0.0632,0.7469135802469136,0.1400840212087681,0.0123456790123456,0.1953430192563703,8.004061320091544,14.505398522541272,0.7345679012345679,9.168907954552049
SERRFCorrector,1,0.0632,0.54320987654321,0.2012099507778595,0.0061728395061729,0.0976715096281877,17.365813019975633,20.325909194893107,0.537037037037037,33.77667483416764
SERRFCorrector,2,0.0632,0.8240740740740742,0.0848625128695526,0.0246913580246915,0.3906860385127458,7.769513759591909,13.477239806133948,0.7993827160493826,11.816788244580854
SERRFCorrector,3,0.0632,0.7469135802469137,0.1231477613781481,0.0679012345679014,1.0743866059100444,5.875565152566511,14.16884575554139,0.6790123456790123,14.581531813810592
SERRFCorrector,4,0.0632,0.8240740740740741,0.1635511271542194,0.0061728395061728,0.097671509628186,7.394385372872467,13.497681392252185,0.8179012345679012,8.4158085563581
SERRFCorrector,5,0.0632,0.6820987654320988,0.1336102519871195,0.0493827160493827,0.7813720770254847,6.649369274929717,13.304772617063932,0.6327160493827161,18.62026229816613
SERRFCorrector,6,0.0632,0.558641975308642,0.1876888369816144,-0.0123456790123457,-0.195343019256372,23.64362780936661,23.75195148254201,0.5709876543209877,34.90798298314577
SERRFCorrector,7,0.0632,0.462962962962963,0.1554894039235802,-0.0401234567901234,-0.6348648125832056,26.980946083226502,40.84304046941504,0.5030864197530864,30.51096333344792
SERRFCorrector,8,0.0632,0.6141975308641975,0.1584629339875732,0.0339506172839504,0.5371933029550179,18.503572524729112,20.033661474544225,0.580246913580247,25.9828561574089
SERRFCorrector,9,0.0632,0.6296296296296297,0.1985889869400668,0.0432098765432099,0.6837005673973005,20.388259141780907,21.029611843098245,0.5864197530864197,26.47473479327075
SERRFCorrector,10,0.0632,0.8302469135802468,0.1369897593899515,0.0679012345679012,1.074386605910041,6.915446327148947,15.965234730131703,0.7623456790123456,15.588235109929796
SERRFCorrector,11,0.0632,0.5524691358024691,0.1758988499848766,0.0401234567901235,0.6348648125832074,30.874141252785297,27.795701135927047,0.5123456790123456,40.44292499063709
SERRFCorrector,12,0.0632,0.6265432098765432,0.1263548733978933,0.0462962962962962,0.7325363222113916,11.731607785583284,16.14194077125835,0.5802469135802469,19.679643475519555
SERRFCorrector,13,0.0632,0.5679012345679012,0.1662087903436575,-1.1102230246251563e-16,-1.7566819731935709e-15,29.633828991566435,35.166632543772714,0.5679012345679013,39.63121784075345
SERRFCorrector,14,0.0632,0.6049382716049384,0.1520198809385772,0.0277777777777779,0.4395217933268371,21.96400880623528,22.27165725430493,0.5771604938271605,28.42816200644789
SERRFCorrector,15,0.0632,0.6111111111111112,0.1732248790173121,0.0524691358024692,0.8302078318395795,21.60143336332348,18.444085731602826,0.5586419753086419,30.48030659946083
SERRFCorrector,16,0.0632,0.5709876543209877,0.1598991832961558,0.0277777777777779,0.4395217933268371,24.54190073391588,25.78699920480753,0.5432098765432098,35.6406719934226
SERRFCorrector,17,0.0632,0.6882716049382717,0.2154754280951489,0.0524691358024691,0.8302078318395777,17.589753677452403,16.310005683166533,0.6358024691358025,23.1023523310738
SERRFCorrector,18,0.0632,0.4814814814814815,0.1814436846506057,-0.0216049382716048,-0.3418502836986484,44.65429098563267,47.70470442582177,0.5030864197530864,51.931989871637775
SERRFCorrector,19,0.0632,0.5123456790123457,0.1593621067089578,-0.0123456790123457,-0.195343019256372,56.75367604952702,54.47749863648637,0.5246913580246915,61.38349961491213
SERRFCorrector,20,0.0632,0.7098765432098766,0.1386486262050383,0.0432098765432099,0.6837005673973005,16.390044856534754,16.941574595676133,0.6666666666666666,23.27253935146643
SERRFCorrector,21,0.0632,0.5308641975308642,0.1658645536116592,-0.0216049382716049,-0.3418502836986493,44.38246029692,42.36742632650292,0.5524691358024691,57.02746217125432
SERRFCorrector,22,0.0632,0.5987654320987654,0.1994983038418804,0.0030864197530864,0.048835754814093,13.72643900340535,22.179276900595603,0.595679012345679,23.062041349470636
SERRFCorrector,23,0.0632,0.5216049382716048,0.1716227009192326,-0.006172839506173,-0.0976715096281895,34.21878310904203,41.64301885564627,0.5277777777777779,39.89587676082198
SERRFCorrector,24,0.0632,0.574074074074074,0.1928950616296264,0.0123456790123455,0.1953430192563685,20.69628556712588,22.182964685642347,0.5617283950617284,28.89041707997307
SERRFCorrector,25,0.0632,0.5154320987654321,0.1781588850575532,-1.1102230246251563e-16,-1.7566819731935709e-15,28.36882437579759,26.205077982305596,0.5154320987654322,33.99107814630658
SERRFCorrector,26,0.0632,0.654320987654321,0.1588232139539334,0.0586419753086419,0.927879341467762,22.949105166671323,22.33289868720138,0.5956790123456791,36.07572107612504
SERRFCorrector,27,0.0632,0.5339506172839505,0.1660367611890464,0.0123456790123456,0.1953430192563703,45.48480933308595,59.15865868168025,0.5216049382716049,59.97262674574255
SERRFCorrector,28,0.0632,0.5123456790123457,0.1722874782339859,-0.0030864197530864,-0.048835754814093,48.789563303329146,44.11021833924802,0.5154320987654322,56.45687201244765
SERRFCorrector,29,0.0632,0.5185185185185186,0.1697250257391052,-0.0154320987654319,-0.2441787740704615,37.03595776064487,37.34566747458403,0.5339506172839505,49.61038194674126
SERRFCorrector,30,0.0632,0.4969135802469135,0.1551827788885992,-0.0061728395061729,-0.0976715096281869,105.17630755163584,119.1718219233998,0.5030864197530864,128.8599398887483
SERRFCorrector,0,0.0823,0.8024691358024691,0.1338239715350543,0.015432098765432,0.1875103107888426,8.004061320091544,15.302680211727871,0.7870370370370371,9.168907954552049
SERRFCorrector,1,0.0823,0.6172839506172839,0.2065366052385384,0.0370370370370369,0.4500247458932228,17.365813019975633,20.686121354506582,0.5802469135802469,33.77667483416764
SERRFCorrector,2,0.0823,0.8765432098765432,0.0859777054147167,0.0092592592592593,0.1125061864733063,7.769513759591909,14.454255294188348,0.8672839506172839,11.816788244580854
SERRFCorrector,3,0.0823,0.8271604938271605,0.0995340462752907,0.0555555555555556,0.6750371188398369,5.875565152566511,15.050461644783883,0.7716049382716048,14.581531813810592
SERRFCorrector,4,0.0823,0.8641975308641975,0.1546293216033993,0.0092592592592591,0.112506186473305,7.394385372872467,14.526005984664629,0.8549382716049383,8.4158085563581
SERRFCorrector,5,0.0823,0.7746913580246914,0.1122201170536903,0.0648148148148147,0.7875433053131405,6.649369274929717,14.148736277249489,0.7098765432098766,18.62026229816613
SERRFCorrector,6,0.0823,0.6635802469135803,0.2157405199666826,0.037037037037037,0.4500247458932241,23.64362780936661,24.04386186971818,0.6265432098765432,34.90798298314577
SERRFCorrector,7,0.0823,0.4876543209876544,0.1747578724307662,-0.0246913580246912,-0.3000164972621476,26.980946083226502,41.00818188553068,0.5123456790123456,30.51096333344792
SERRFCorrector,8,0.0823,0.6944444444444444,0.1645961929132516,0.0308641975308641,0.3750206215776852,18.503572524729112,20.51903007769228,0.6635802469135803,25.9828561574089
SERRFCorrector,9,0.0823,0.6728395061728395,0.196757746302583,0.0061728395061728,0.0750041243155375,20.388259141780907,21.46370593287388,0.6666666666666666,26.47473479327075
SERRFCorrector,10,0.0823,0.8858024691358025,0.1034756457669148,0.0648148148148147,0.7875433053131405,6.915446327148947,17.02813985474175,0.8209876543209877,15.588235109929796
SERRFCorrector,11,0.0823,0.6018518518518519,0.1959815785973771,0.0432098765432098,0.5250288702087603,30.874141252785297,28.04509877923315,0.558641975308642,40.44292499063709
SERRFCorrector,12,0.0823,0.6666666666666666,0.1178511301977579,0.0339506172839505,0.412522683735454,11.731607785583284,16.74585066959611,0.6327160493827161,19.679643475519555
SERRFCorrector,13,0.0823,0.6049382716049382,0.1808652509133779,0.0030864197530863,0.0375020621577674,29.633828991566435,35.68690342815924,0.6018518518518519,39.63121784075345
SERRFCorrector,14,0.0823,0.6666666666666667,0.160375074774896,0.0339506172839507,0.4125226837354567,21.96400880623528,22.633300256094905,0.632716049382716,28.42816200644789
SERRFCorrector,15,0.0823,0.6790123456790124,0.1651739279044402,0.0833333333333332,1.012555678259752,21.60143336332348,18.82677516188343,0.5956790123456791,30.48030659946083
SERRFCorrector,16,0.0823,0.617283950617284,0.1537024641727004,0.0339506172839506,0.4125226837354553,24.54190073391588,26.131207617518275,0.5833333333333334,35.6406719934226
SERRFCorrector,17,0.0823,0.7777777777777778,0.1554894039235802,0.0432098765432099,0.5250288702087617,17.589753677452403,16.861302450972488,0.7345679012345678,23.1023523310738
SERRFCorrector,18,0.0823,0.5185185185185186,0.2111435972405811,0.0123456790123457,0.1500082486310751,44.65429098563267,47.761733964713486,0.5061728395061729,51.931989871637775
SERRFCorrector,19,0.0823,0.537037037037037,0.1571348402636772,-0.0030864197530865,-0.0375020621577701,56.75367604952702,54.8395554756832,0.5401234567901235,61.38349961491213
SERRFCorrector,20,0.0823,0.7654320987654322,0.1243026578123596,0.0277777777777777,0.3375185594199177,16.390044856534754,17.659158012048096,0.7376543209876544,23.27253935146643
SERRFCorrector,21,0.0823,0.5740740740740741,0.179543698422827,0.0061728395061727,0.0750041243155362,44.38246029692,42.5742282134972,0.5679012345679013,57.02746217125432
SERRFCorrector,22,0.0823,0.6574074074074074,0.179543698422827,0.0154320987654321,0.1875103107888439,13.72643900340535,22.86582486564017,0.6419753086419753,23.062041349470636
SERRFCorrector,23,0.0823,0.5524691358024691,0.1917558588519638,-0.0092592592592593,-0.1125061864733063,34.21878310904203,42.11175921061118,0.5617283950617284,39.89587676082198
SERRFCorrector,24,0.0823,0.6512345679012346,0.2016355922353219,0.0370370370370369,0.4500247458932228,20.69628556712588,22.579273269676676,0.6141975308641976,28.89041707997307
SERRFCorrector,25,0.0823,0.5925925925925926,0.1571348402636772,0.0462962962962962,0.5625309323665292,28.36882437579759,26.41362954139469,0.5462962962962963,33.99107814630658
SERRFCorrector,26,0.0823,0.7191358024691358,0.1658645536116593,0.0833333333333332,1.012555678259752,22.949105166671323,22.98854406177161,0.6358024691358025,36.07572107612504
SERRFCorrector,27,0.0823,0.5524691358024691,0.179278218906884,0.0246913580246913,0.3000164972621489,45.48480933308595,59.09469991285873,0.5277777777777778,59.97262674574255
SERRFCorrector,28,0.0823,0.537037037037037,0.1847216420672222,-0.0030864197530864,-0.0375020621577687,48.789563303329146,44.18271803703216,0.5401234567901234,56.45687201244765
SERRFCorrector,29,0.0823,0.5493827160493827,0.1716227009192326,-0.0246913580246912,-0.3000164972621476,37.03595776064487,37.584947450931125,0.574074074074074,49.61038194674126
SERRFCorrector,30,0.0823,0.5123456790123456,0.1614996969376682,0.0092592592592591,0.112506186473305,105.17630755163584,119.11589158162415,0.5030864197530864,128.8599398887483
SERRFCorrector,0,0.1071,0.851851851851852,0.1276300810378723,0.0061728395061729,0.0576362226754132,8.004061320091544,16.529803089533328,0.845679012345679,9.168907954552049
SERRFCorrector,1,0.1071,0.691358024691358,0.2063981913246974,0.0524691358024691,0.4899078927410014,17.365813019975633,21.347445012384892,0.6388888888888888,33.77667483416764
SERRFCorrector,2,0.1071,0.9351851851851852,0.0680413817439771,0.0154320987654321,0.1440905566885304,7.769513759591909,15.89376059094365,0.9197530864197532,11.816788244580854
SERRFCorrector,3,0.1071,0.9012345679012346,0.0786885727406293,0.037037037037037,0.345817336052472,5.875565152566511,16.378023714495907,0.8641975308641975,14.581531813810592
SERRFCorrector,4,0.1071,0.8981481481481483,0.1322486746026453,-0.0061728395061727,-0.0576362226754111,7.394385372872467,16.023534924538847,0.904320987654321,8.4158085563581
SERRFCorrector,5,0.1071,0.8549382716049383,0.0876238862134468,0.0462962962962962,0.4322716700655892,6.649369274929717,15.457031591380806,0.808641975308642,18.62026229816613
SERRFCorrector,6,0.1071,0.7438271604938271,0.1914575607317385,0.0432098765432098,0.4034535587278832,23.64362780936661,24.60440284735362,0.7006172839506173,34.90798298314577
SERRFCorrector,7,0.1071,0.5185185185185186,0.1823862555888167,-0.0555555555555554,-0.5187260040787065,26.980946083226502,41.34459551863293,0.5740740740740741,30.51096333344792
SERRFCorrector,8,0.1071,0.7962962962962963,0.1207259704667157,0.0370370370370369,0.345817336052471,18.503572524729112,21.341669603632003,0.7592592592592593,25.9828561574089
SERRFCorrector,9,0.1071,0.7654320987654322,0.1571954515832943,0.0185185185185184,0.1729086680262355,20.388259141780907,22.220523623769225,0.7469135802469137,26.47473479327075
SERRFCorrector,10,0.1071,0.9166666666666666,0.0752225778207033,0.0339506172839505,0.3169992247147649,6.915446327148947,18.5333785508723,0.8827160493827161,15.588235109929796
SERRFCorrector,11,0.1071,0.691358024691358,0.1895071781852932,0.0771604938271603,0.7204527834426481,30.874141252785297,28.52897209246144,0.6141975308641976,40.44292499063709
SERRFCorrector,12,0.1071,0.7561728395061729,0.1147384586138339,0.0308641975308641,0.2881811133770588,11.731607785583284,17.748045136794683,0.7253086419753088,19.679643475519555
SERRFCorrector,13,0.1071,0.6481481481481481,0.186108807798535,0.0123456790123456,0.1152724453508233,29.633828991566435,36.469941193279546,0.6358024691358025,39.63121784075345
SERRFCorrector,14,0.1071,0.7438271604938271,0.1665523155954573,0.0277777777777776,0.2593630020393527,21.96400880623528,23.283590261912863,0.7160493827160495,28.42816200644789
SERRFCorrector,15,0.1071,0.7777777777777778,0.1737191022156826,0.0895061728395061,0.8357252287934724,21.60143336332348,19.54602733746156,0.6882716049382717,30.48030659946083
SERRFCorrector,16,0.1071,0.7129629629629629,0.1687117329471166,0.0709876543209875,0.6628165607672359,24.54190073391588,26.740730256141404,0.6419753086419754,35.6406719934226
SERRFCorrector,17,0.1071,0.8641975308641975,0.1238419916527091,0.0462962962962961,0.4322716700655882,17.589753677452403,17.794454686970685,0.8179012345679013,23.1023523310738
SERRFCorrector,18,0.1071,0.5339506172839507,0.2345272869322577,1.1102230246251563e-16,1.0366227957599706e-15,44.65429098563267,47.95466456401929,0.5339506172839505,51.931989871637775
SERRFCorrector,19,0.1071,0.5648148148148147,0.152707615763617,-0.0154320987654323,-0.1440905566885325,56.75367604952702,55.39290358241716,0.580246913580247,61.38349961491213
SERRFCorrector,20,0.1071,0.8333333333333334,0.1328953712445122,0.0246913580246913,0.2305448907016477,16.390044856534754,18.78014222354388,0.808641975308642,23.27253935146643
SERRFCorrector,21,0.1071,0.6327160493827161,0.1869259744410706,0.0123456790123457,0.1152724453508243,44.38246029692,42.95485728157025,0.6203703703703703,57.02746217125432
SERRFCorrector,22,0.1071,0.7253086419753088,0.1616765537494913,0.0308641975308643,0.2881811133770608,13.72643900340535,23.90482770910632,0.6944444444444444,23.062041349470636
SERRFCorrector,23,0.1071,0.5864197530864197,0.1957383950087398,-0.0030864197530865,-0.0288181113377071,34.21878310904203,42.81868548044215,0.5895061728395062,39.89587676082198
SERRFCorrector,24,0.1071,0.7067901234567902,0.180548960521107,0.0277777777777777,0.2593630020393537,20.69628556712588,23.27427717596541,0.6790123456790124,28.89041707997307
SERRFCorrector,25,0.1071,0.6697530864197531,0.1595413331274084,0.0339506172839505,0.3169992247147649,28.36882437579759,26.856363600750637,0.6358024691358025,33.99107814630658
SERRFCorrector,26,0.1071,0.7716049382716049,0.1644804024009163,0.0925925925925926,0.8645433401311795,22.949105166671323,23.995099440415256,0.6790123456790123,36.07572107612504
SERRFCorrector,27,0.1071,0.5771604938271605,0.1822817661757209,0.0030864197530864,0.028818111337706,45.48480933308595,59.11423743232628,0.5740740740740741,59.97262674574255
SERRFCorrector,28,0.1071,0.558641975308642,0.2009256888735777,-0.0123456790123456,-0.1152724453508233,48.789563303329146,44.39300684615221,0.5709876543209876,56.45687201244765
SERRFCorrector,29,0.1071,0.6080246913580247,0.1886001989808912,0.0030864197530865,0.0288181113377071,37.03595776064487,38.02404159951002,0.6049382716049382,49.61038194674126
SERRFCorrector,30,0.1071,0.5185185185185185,0.1676923173729151,0.0030864197530864,0.028818111337706,105.17630755163584,119.14064967872808,0.5154320987654321,128.8599398887483
SERRFCorrector,0,0.1394,0.9012345679012346,0.0972099737532322,0.0061728395061728,0.0442814882488621,8.004061320091544,18.352407549051502,0.8950617283950617,9.168907954552049
SERRFCorrector,1,0.1394,0.7685185185185186,0.1781054079784383,0.0339506172839506,0.2435481853687408,17.365813019975633,22.47960906164217,0.7345679012345679,33.77667483416764
SERRFCorrector,2,0.1394,0.9598765432098766,0.0509025385878723,0.0030864197530865,0.0221407441244318,7.769513759591909,17.951816520630885,0.95679012345679,11.816788244580854
SERRFCorrector,3,0.1394,0.9444444444444444,0.0539902953226416,0.0185185185185186,0.1328444647465863,5.875565152566511,18.31303457954412,0.9259259259259258,14.581531813810592
SERRFCorrector,4,0.1394,0.9506172839506172,0.0836186245934818,0.0030864197530865,0.0221407441244318,7.394385372872467,18.143954957214508,0.9475308641975309,8.4158085563581
SERRFCorrector,5,0.1394,0.9320987654320988,0.061573880689074,0.0462962962962961,0.3321111618664635,6.649369274929717,17.399984079664772,0.8858024691358026,18.62026229816613
SERRFCorrector,6,0.1394,0.8148148148148149,0.186108807798535,0.0339506172839505,0.24354818536874,23.64362780936661,25.595929957290878,0.7808641975308643,34.90798298314577
SERRFCorrector,7,0.1394,0.5709876543209877,0.18196793793807,-0.0555555555555554,-0.3985333942397566,26.980946083226502,41.96783000547531,0.6265432098765432,30.51096333344792
SERRFCorrector,8,0.1394,0.8827160493827162,0.0923866021425664,0.0030864197530864,0.022140744124431,18.503572524729112,22.674133883180488,0.8796296296296298,25.9828561574089
SERRFCorrector,9,0.1394,0.8364197530864198,0.146076044027151,0.0030864197530863,0.0221407441244302,20.388259141780907,23.4729423608425,0.8333333333333335,26.47473479327075
SERRFCorrector,10,0.1394,0.9475308641975309,0.0634032055067103,0.0185185185185184,0.1328444647465855,6.915446327148947,20.627662686597585,0.9290123456790124,15.588235109929796
SERRFCorrector,11,0.1394,0.787037037037037,0.171733675842513,0.0740740740740739,0.5313778589863422,30.874141252785297,29.39453105201472,0.712962962962963,40.44292499063709
SERRFCorrector,12,0.1394,0.8364197530864198,0.090195303680262,0.015432098765432,0.1107037206221544,11.731607785583284,19.32979458049982,0.8209876543209877,19.679643475519555
SERRFCorrector,13,0.1394,0.7129629629629631,0.1870278692289274,0.04320987654321,0.3099704177420348,29.633828991566435,37.64185249143966,0.6697530864197531,39.63121784075345
SERRFCorrector,14,0.1394,0.8487654320987654,0.1040265404095846,0.0246913580246913,0.1771259529954476,21.96400880623528,24.385875730980825,0.8240740740740741,28.42816200644789
SERRFCorrector,15,0.1394,0.8734567901234568,0.132967032274926,0.0987654320987654,0.7085038119817907,21.60143336332348,20.78796862309681,0.7746913580246914,30.48030659946083
SERRFCorrector,16,0.1394,0.7746913580246914,0.1518317762499857,0.0432098765432099,0.309970417742034,24.54190073391588,27.76810821286948,0.7314814814814814,35.6406719934226
SERRFCorrector,17,0.1394,0.910493827160494,0.1132341748632354,-0.0030864197530863,-0.0221407441244302,17.589753677452403,19.290430482330297,0.9135802469135802,23.1023523310738
SERRFCorrector,18,0.1394,0.5802469135802469,0.2587443446312925,0.0030864197530865,0.0221407441244318,44.65429098563267,48.38896409975096,0.5771604938271604,51.931989871637775
SERRFCorrector,19,0.1394,0.6172839506172839,0.1415048566215759,0.0185185185185184,0.1328444647465855,56.75367604952702,56.23650819371219,0.5987654320987654,61.38349961491213
SERRFCorrector,20,0.1394,0.9074074074074076,0.0858668379212565,0.0185185185185187,0.1328444647465871,16.390044856534754,20.475023394569096,0.8888888888888888,23.27253935146643
SERRFCorrector,21,0.1394,0.6820987654320987,0.2029071594307852,0.0308641975308641,0.2214074412443089,44.38246029692,43.61996178920592,0.6512345679012346,57.02746217125432
SERRFCorrector,22,0.1394,0.802469135802469,0.1382357757812264,0.0401234567901234,0.2878296736176021,13.72643900340535,25.450994414024265,0.7623456790123456,23.062041349470636
SERRFCorrector,23,0.1394,0.6450617283950617,0.2002132683978624,0.0308641975308642,0.2214074412443097,34.21878310904203,43.88113086713636,0.6141975308641975,39.89587676082198
SERRFCorrector,24,0.1394,0.7839506172839507,0.1450945589326316,0.0246913580246914,0.1771259529954484,20.69628556712588,24.43232402670924,0.7592592592592592,28.89041707997307
SERRFCorrector,25,0.1394,0.7376543209876544,0.1593621067089579,0.0277777777777779,0.1992666971198795,28.36882437579759,27.68661383092249,0.7098765432098765,33.99107814630658
SERRFCorrector,26,0.1394,0.8518518518518519,0.1228379551983481,0.0895061728395061,0.6420815796084974,22.949105166671323,25.510898780480844,0.7623456790123457,36.07572107612504
SERRFCorrector,27,0.1394,0.6080246913580247,0.190409837224533,0.0123456790123457,0.0885629764977242,45.48480933308595,59.29975340817965,0.595679012345679,59.97262674574255
SERRFCorrector,28,0.1394,0.6080246913580247,0.2117292948906481,-0.0277777777777779,-0.1992666971198795,48.789563303329146,44.84550986568991,0.6358024691358026,56.45687201244765
SERRFCorrector,29,0.1394,0.6481481481481483,0.1985889869400668,-0.0061728395061727,-0.0442814882488613,37.03595776064487,38.78772060484608,0.654320987654321,49.61038194674126
SERRFCorrector,30,0.1394,0.5462962962962963,0.15876322406928,0.0061728395061728,0.0442814882488621,105.17630755163584,119.323784791953,0.5401234567901234,128.8599398887483
SERRFCorrector,0,0.1815,0.941358024691358,0.0562372443157055,-0.0154320987654321,-0.0850253370821313,8.004061320091544,20.946320165907675,0.9567901234567904,9.168907954552049
SERRFCorrector,1,0.1815,0.8611111111111112,0.1416394309331329,0.037037037037037,0.2040608089971145,17.365813019975633,24.29633567190505,0.8240740740740741,33.77667483416764
SERRFCorrector,2,0.1815,0.9845679012345678,0.0349188533919282,0.0030864197530863,0.0170050674164256,7.769513759591909,20.788853979059127,0.9814814814814816,11.816788244580854
SERRFCorrector,3,0.1815,0.9691358024691356,0.0380519382899319,0.0,0.0,5.875565152566511,21.02403036991002,0.9691358024691356,14.581531813810592
SERRFCorrector,4,0.1815,0.9876543209876544,0.0230966505356416,0.0,0.0,7.394385372872467,21.044737195778527,0.9876543209876544,8.4158085563581
SERRFCorrector,5,0.1815,0.9783950617283952,0.0286222793070854,0.015432098765432,0.0850253370821306,6.649369274929717,20.151503097689204,0.9629629629629632,18.62026229816613
SERRFCorrector,6,0.1815,0.8919753086419754,0.140694707654833,0.0246913580246914,0.13604053933141,23.64362780936661,27.23275557391175,0.8672839506172839,34.90798298314577
SERRFCorrector,7,0.1815,0.6203703703703703,0.1981568014725249,-0.0648148148148149,-0.3571064157449508,26.980946083226502,43.04662021978885,0.6851851851851853,30.51096333344792
SERRFCorrector,8,0.1815,0.925925925925926,0.0627993516956043,-0.0092592592592593,-0.0510152022492787,18.503572524729112,24.72627991366739,0.9351851851851852,25.9828561574089
SERRFCorrector,9,0.1815,0.9074074074074076,0.1103368082204905,0.0030864197530865,0.0170050674164268,20.388259141780907,25.43566972777117,0.904320987654321,26.47473479327075
SERRFCorrector,10,0.1815,0.969135802469136,0.0480134234139013,0.0061728395061729,0.0340101348328531,6.915446327148947,23.466939499047708,0.9629629629629628,15.588235109929796
SERRFCorrector,11,0.1815,0.8611111111111112,0.0935139346144637,0.015432098765432,0.0850253370821306,30.874141252785297,30.843745841030174,0.8456790123456791,40.44292499063709
SERRFCorrector,12,0.1815,0.9166666666666669,0.0680413817439771,0.0216049382716049,0.1190354719149832,11.731607785583284,21.69329191708745,0.8950617283950619,19.679643475519555
SERRFCorrector,13,0.1815,0.7808641975308643,0.156831432295216,0.0617283950617286,0.3401013483285252,29.633828991566435,39.36756155219436,0.7191358024691357,39.63121784075345
SERRFCorrector,14,0.1815,0.9197530864197532,0.0685991073175705,0.0092592592592593,0.0510152022492787,21.96400880623528,26.149952519135056,0.910493827160494,28.42816200644789
SERRFCorrector,15,0.1815,0.9444444444444444,0.0763538078818085,0.0771604938271605,0.4251266854106547,21.60143336332348,22.778422774669128,0.8672839506172839,30.48030659946083
SERRFCorrector,16,0.1815,0.8364197530864197,0.1210411824143677,0.0216049382716048,0.1190354719149826,24.54190073391588,29.41509545972511,0.8148148148148149,35.6406719934226
SERRFCorrector,17,0.1815,0.95679012345679,0.0764784672429867,-0.0123456790123456,-0.0680202696657044,17.589753677452403,21.554671878394487,0.9691358024691356,23.1023523310738
SERRFCorrector,18,0.1815,0.617283950617284,0.2730391426493392,0.0092592592592593,0.0510152022492787,44.65429098563267,49.2244953133488,0.6080246913580247,51.931989871637775
SERRFCorrector,19,0.1815,0.654320987654321,0.1641325407445473,0.0370370370370369,0.2040608089971139,56.75367604952702,57.507477682274285,0.617283950617284,61.38349961491213
SERRFCorrector,20,0.1815,0.941358024691358,0.073428254650434,-0.0092592592592593,-0.0510152022492787,16.390044856534754,22.933999778745733,0.9506172839506172,23.27253935146643
SERRFCorrector,21,0.1815,0.7376543209876544,0.1824384778534771,0.0123456790123456,0.0680202696657044,44.38246029692,44.72965504102721,0.7253086419753088,57.02746217125432
SERRFCorrector,22,0.1815,0.8641975308641976,0.1043008965970111,0.0401234567901235,0.2210658764135407,13.72643900340535,27.68891400564956,0.8240740740740741,23.062041349470636
SERRFCorrector,23,0.1815,0.7253086419753088,0.1835317129298581,0.0555555555555555,0.3060912134956715,34.21878310904203,45.45629862672162,0.6697530864197532,39.89587676082198
SERRFCorrector,24,0.1815,0.8827160493827161,0.0995340462752907,0.0401234567901234,0.2210658764135401,20.69628556712588,26.262350597914097,0.8425925925925927,28.89041707997307
SERRFCorrector,25,0.1815,0.8117283950617283,0.1597203584313038,0.0216049382716048,0.1190354719149826,28.36882437579759,29.11503779535178,0.7901234567901235,33.99107814630658
SERRFCorrector,26,0.1815,0.9012345679012346,0.1134862735237669,0.0586419753086419,0.3230962809120971,22.949105166671323,27.725967430487326,0.8425925925925927,36.07572107612504
SERRFCorrector,27,0.1815,0.6450617283950617,0.2036101543514894,-0.0030864197530864,-0.0170050674164262,45.48480933308595,59.78254489463056,0.6481481481481481,59.97262674574255
SERRFCorrector,28,0.1815,0.6666666666666666,0.2135659739753851,-0.0308641975308642,-0.1700506741642619,48.789563303329146,45.69771876114099,0.6975308641975309,56.45687201244765
SERRFCorrector,29,0.1815,0.7222222222222222,0.1828557190567731,0.0185185185185184,0.1020304044985569,37.03595776064487,40.05282956447359,0.7037037037037037,49.61038194674126
SERRFCorrector,30,0.1815,0.5679012345679012,0.1757363067344044,0.0123456790123457,0.068020269665705,105.17630755163584,119.78863142782458,0.5555555555555555,128.8599398887483
SERRFCorrector,0,0.2362,0.9722222222222222,0.0346449758034623,-0.0030864197530865,-0.0130669760373394,8.004061320091544,24.46178204624016,0.9753086419753088,9.168907954552049
SERRFCorrector,1,0.2362,0.9290123456790124,0.0730380220135755,0.0123456790123456,0.0522679041493552,17.365813019975633,27.01845392431052,0.9166666666666666,33.77667483416764
SERRFCorrector,2,0.2362,0.9938271604938272,0.0174594266959641,0.0061728395061727,0.0261339520746774,7.769513759591909,24.538530501414645,0.9876543209876544,11.816788244580854
SERRFCorrector,3,0.2362,0.9938271604938272,0.0115483252678207,0.0092592592592593,0.0392009281120168,5.875565152566511,24.652660704500885,0.9845679012345678,14.581531813810592
SERRFCorrector,4,0.2362,0.9969135802469136,0.008729713347982,0.0030864197530863,0.0130669760373384,7.394385372872467,24.856720947900374,0.9938271604938272,8.4158085563581
SERRFCorrector,5,0.2362,0.9938271604938272,0.0174594266959641,0.0092592592592593,0.0392009281120168,6.649369274929717,23.853680800892395,0.9845679012345678,18.62026229816613
SERRFCorrector,6,0.2362,0.9444444444444444,0.0878410461157883,0.009259259259259,0.0392009281120158,23.64362780936661,29.751062253561432,0.9351851851851852,34.90798298314577
SERRFCorrector,7,0.2362,0.6820987654320988,0.1847732042851329,-0.0401234567901234,-0.1698706884854052,26.980946083226502,44.79884443176845,0.7222222222222222,30.51096333344792
SERRFCorrector,8,0.2362,0.9722222222222222,0.0346449758034623,0.0030864197530863,0.0130669760373384,18.503572524729112,27.70693910239724,0.969135802469136,25.9828561574089
SERRFCorrector,9,0.2362,0.9598765432098766,0.0557267595224314,-0.0123456790123456,-0.0522679041493552,20.388259141780907,28.327607614753315,0.9722222222222222,26.47473479327075
SERRFCorrector,10,0.2362,0.9845679012345678,0.0349188533919282,0.0061728395061726,0.0261339520746769,6.915446327148947,27.18618995605589,0.9783950617283952,15.588235109929796
SERRFCorrector,11,0.2362,0.9475308641975309,0.0546914973662634,0.0277777777777775,0.117602784336049,30.874141252785297,33.11283885081277,0.9197530864197532,40.44292499063709
SERRFCorrector,12,0.2362,0.9537037037037036,0.0680413817439771,-0.0061728395061728,-0.0261339520746778,11.731607785583284,25.01856726553637,0.9598765432098766,19.679643475519555
SERRFCorrector,13,0.2362,0.8364197530864198,0.1557342692783069,0.0462962962962962,0.1960046405600831,29.633828991566435,41.83394840557775,0.7901234567901235,39.63121784075345
SERRFCorrector,14,0.2362,0.9722222222222222,0.0346449758034623,0.0154320987654321,0.0653348801866947,21.96400880623528,28.799623704919743,0.95679012345679,28.42816200644789
SERRFCorrector,15,0.2362,0.9691358024691356,0.0514609012362131,0.0246913580246912,0.1045358082987105,21.60143336332348,25.737881839827956,0.9444444444444444,30.48030659946083
SERRFCorrector,16,0.2362,0.8950617283950617,0.08258696395222,0.0030864197530863,0.0130669760373384,24.54190073391588,31.90698630783613,0.8919753086419754,35.6406719934226
SERRFCorrector,17,0.2362,0.9783950617283952,0.040945985066116,0.0,0.0,17.589753677452403,24.77395567854205,0.9783950617283952,23.1023523310738
SERRFCorrector,18,0.2362,0.6512345679012346,0.273143788763427,0.0,0.0,44.65429098563267,50.67712490898136,0.6512345679012346,51.931989871637775
SERRFCorrector,19,0.2362,0.7160493827160495,0.1726189068408588,0.0524691358024691,0.222138592634761,56.75367604952702,59.37560133882782,0.6635802469135803,61.38349961491213
SERRFCorrector,20,0.2362,0.9814814814814816,0.0292803487052627,-0.0061728395061728,-0.0261339520746778,16.390044856534754,26.328507863341997,0.9876543209876544,23.27253935146643
SERRFCorrector,21,0.2362,0.7870370370370371,0.1635511271542194,-0.0185185185185183,-0.0784018562240327,44.38246029692,46.48963518128006,0.8055555555555555,57.02746217125432
SERRFCorrector,22,0.2362,0.8919753086419754,0.0882737632473771,-0.0092592592592591,-0.0392009281120163,13.72643900340535,30.80125353713767,0.9012345679012346,23.062041349470636
SERRFCorrector,23,0.2362,0.7993827160493827,0.1808652509133779,0.074074074074074,0.3136074248961331,34.21878310904203,47.729175293963394,0.7253086419753086,39.89587676082198
SERRFCorrector,24,0.2362,0.9444444444444444,0.0585606974105255,0.0370370370370368,0.1568037124480658,20.69628556712588,28.984656711374924,0.9074074074074076,28.89041707997307
SERRFCorrector,25,0.2362,0.8703703703703705,0.1328953712445123,0.0,0.0,28.36882437579759,31.38646365100565,0.8703703703703705,33.99107814630658
SERRFCorrector,26,0.2362,0.9290123456790124,0.1104231099999896,0.0246913580246914,0.1045358082987115,22.949105166671323,30.82916715958521,0.9043209876543208,36.07572107612504
SERRFCorrector,27,0.2362,0.7006172839506173,0.1919048340334545,0.0185185185185184,0.0784018562240331,45.48480933308595,60.75039672150062,0.6820987654320988,59.97262674574255
SERRFCorrector,28,0.2362,0.7561728395061729,0.150887735328152,-0.0277777777777776,-0.1176027843360495,48.789563303329146,47.161067633496565,0.7839506172839505,56.45687201244765
SERRFCorrector,29,0.2362,0.7993827160493827,0.1736093964250029,0.0308641975308642,0.1306697603733889,37.03595776064487,42.03891609797408,0.7685185185185185,49.61038194674126
SERRFCorrector,30,0.2362,0.5833333333333334,0.1771400599047128,-0.0030864197530863,-0.0130669760373384,105.17630755163584,120.71264704011637,0.5864197530864197,128.8599398887483
SERRFCorrector,0,0.3073,0.9876543209876544,0.0265503866266747,0.0,0.0,8.004061320091544,29.016194250083416,0.9876543209876544,9.168907954552049
SERRFCorrector,1,0.3073,0.9722222222222222,0.0600068583185912,-0.0030864197530865,-0.0100436698439403,17.365813019975633,30.83949811002168,0.9753086419753088,33.77667483416764
SERRFCorrector,2,0.3073,1.0,0.0,0.0061728395061728,0.02008733968788,7.769513759591909,29.30678144728484,0.9938271604938272,11.816788244580854
SERRFCorrector,3,0.3073,1.0,0.0,0.0030864197530865,0.0100436698439403,5.875565152566511,29.309269760202334,0.9969135802469136,14.581531813810592
SERRFCorrector,4,0.3073,1.0,0.0,0.0,0.0,7.394385372872467,29.683896382157904,1.0,8.4158085563581
SERRFCorrector,5,0.3073,0.9969135802469136,0.008729713347982,0.0030864197530863,0.0100436698439396,6.649369274929717,28.61408196628632,0.9938271604938272,18.62026229816613
SERRFCorrector,6,0.3073,0.9845679012345678,0.0230966505356415,0.0,0.0,23.64362780936661,33.37263240430723,0.9845679012345678,34.90798298314577
SERRFCorrector,7,0.3073,0.7283950617283952,0.1548140272096846,-0.0493827160493826,-0.160698717503039,26.980946083226502,47.4777602014609,0.7777777777777778,30.51096333344792
SERRFCorrector,8,0.3073,0.9938271604938272,0.0115483252678207,0.0030864197530862,0.0100436698439392,18.503572524729112,31.794652049588617,0.9907407407407408,25.9828561574089
SERRFCorrector,9,0.3073,0.9814814814814816,0.0346449758034623,0.0,0.0,20.388259141780907,32.33915787322404,0.9814814814814816,26.47473479327075
SERRFCorrector,10,0.3073,0.9907407407407408,0.0261891400439461,-0.0061728395061725,-0.0200873396878789,6.915446327148947,31.89569671944539,0.9969135802469136,15.588235109929796
SERRFCorrector,11,0.3073,0.9814814814814816,0.0346449758034623,0.0185185185185186,0.06026201906364,30.874141252785297,36.44136842500341,0.9629629629629628,40.44292499063709
SERRFCorrector,12,0.3073,0.9938271604938272,0.0174594266959641,0.0,0.0,11.731607785583284,29.44454674195508,0.9938271604938272,19.679643475519555
SERRFCorrector,13,0.3073,0.8858024691358025,0.1252189060191407,0.037037037037037,0.1205240381272796,29.633828991566435,45.23359525569394,0.8487654320987654,39.63121784075345
SERRFCorrector,14,0.3073,0.9907407407407408,0.0185185185185185,0.006172839506173,0.0200873396878807,21.96400880623528,32.539387987816575,0.9845679012345678,28.42816200644789
SERRFCorrector,15,0.3073,0.9845679012345678,0.0296038982920537,-0.0092592592592593,-0.03013100953182,21.60143336332348,29.846677125274084,0.9938271604938272,30.48030659946083
SERRFCorrector,16,0.3073,0.9629629629629628,0.037037037037037,0.0185185185185184,0.0602620190636396,24.54190073391588,35.46172039277577,0.9444444444444444,35.6406719934226
SERRFCorrector,17,0.3073,0.9845679012345678,0.0296038982920538,-0.006172839506173,-0.0200873396878807,17.589753677452403,29.095104752310007,0.9907407407407408,23.1023523310738
SERRFCorrector,18,0.3073,0.697530864197531,0.2688198961471195,-0.0277777777777776,-0.0903930285954593,44.65429098563267,53.00993211304704,0.7253086419753086,51.931989871637775
SERRFCorrector,19,0.3073,0.771604938271605,0.1701174540681564,0.0493827160493828,0.1606987175030397,56.75367604952702,62.03731134541272,0.7222222222222222,61.38349961491213
SERRFCorrector,20,0.3073,0.9876543209876544,0.0230966505356415,-0.009259259259259,-0.0301310095318192,16.390044856534754,30.79556008606908,0.9969135802469136,23.27253935146643
SERRFCorrector,21,0.3073,0.8641975308641976,0.1506982174781939,-0.0061728395061728,-0.02008733968788,44.38246029692,49.14012271080202,0.8703703703703705,57.02746217125432
SERRFCorrector,22,0.3073,0.9382716049382716,0.0582344514324481,-0.0123456790123456,-0.0401746793757596,13.72643900340535,34.94876978821954,0.9506172839506172,23.062041349470636
SERRFCorrector,23,0.3073,0.8425925925925926,0.1640744920987902,0.0370370370370369,0.1205240381272793,34.21878310904203,50.90008630490327,0.8055555555555556,39.89587676082198
SERRFCorrector,24,0.3073,0.9814814814814816,0.0292803487052627,0.0216049382716049,0.0703056889075796,20.69628556712588,32.79860455185633,0.9598765432098766,28.89041707997307
SERRFCorrector,25,0.3073,0.9320987654320988,0.0775913894442996,0.0030864197530865,0.0100436698439403,28.36882437579759,34.744498699512214,0.9290123456790124,33.99107814630658
SERRFCorrector,26,0.3073,0.9598765432098766,0.0730380220135755,0.0030864197530865,0.0100436698439403,22.949105166671323,34.98611806360383,0.95679012345679,36.07572107612504
SERRFCorrector,27,0.3073,0.75,0.1888525745775105,0.0030864197530864,0.01004366984394,45.48480933308595,62.44727666076096,0.7469135802469136,59.97262674574255
SERRFCorrector,28,0.3073,0.8364197530864198,0.1106816115866735,-0.0061728395061727,-0.0200873396878796,48.789563303329146,49.49177235610851,0.8425925925925926,56.45687201244765
SERRFCorrector,29,0.3073,0.8425925925925926,0.1493010694129361,0.0123456790123456,0.0401746793757596,37.03595776064487,44.98979421409757,0.8302469135802469,49.61038194674126
SERRFCorrector,30,0.3073,0.6265432098765432,0.1651739279044401,0.0030864197530864,0.01004366984394,105.17630755163584,122.3315626697174,0.6234567901234568,128.8599398887483
SERRFCorrector,0,0.4,1.0,0.0,0.0030864197530865,0.0077160493634262,8.004061320091544,34.67577881861053,0.9969135802469136,9.168907954552049
SERRFCorrector,1,0.4,0.9938271604938272,0.0174594266959641,0.0,0.0,17.365813019975633,35.88463851378433,0.9938271604938272,33.77667483416764
SERRFCorrector,2,0.4,1.0,0.0,0.0,0.0,7.769513759591909,35.15359565675871,1.0,11.816788244580854
SERRFCorrector,3,0.4,1.0,0.0,0.0,0.0,5.875565152566511,35.054567406570975,1.0,14.581531813810592
SERRFCorrector,4,0.4,1.0,0.0,0.0,0.0,7.394385372872467,35.58458417212469,1.0,8.4158085563581
SERRFCorrector,5,0.4,1.0,0.0,0.0,0.0,6.649369274929717,34.489527899753995,1.0,18.62026229816613
SERRFCorrector,6,0.4,0.9969135802469136,0.008729713347982,-0.0030864197530865,-0.0077160493634262,23.64362780936661,38.25402056082229,1.0,34.90798298314577
SERRFCorrector,7,0.4,0.808641975308642,0.1318880285137129,-0.0216049382716049,-0.0540123455439814,26.980946083226502,51.32749247641342,0.8302469135802469,30.51096333344792
SERRFCorrector,8,0.4,1.0,0.0,0.0,0.0,18.503572524729112,37.101200980440815,1.0,25.9828561574089
SERRFCorrector,9,0.4,0.9907407407407408,0.0261891400439461,-0.0030864197530864,-0.0077160493634259,20.388259141780907,37.591207313394776,0.9938271604938272,26.47473479327075
SERRFCorrector,10,0.4,0.9938271604938272,0.0174594266959641,-0.0030864197530863,-0.0077160493634256,6.915446327148947,37.65870965138446,0.9969135802469136,15.588235109929796
SERRFCorrector,11,0.4,0.9938271604938272,0.0174594266959641,0.0061728395061727,0.0154320987268516,30.874141252785297,41.018202049525655,0.9876543209876544,40.44292499063709
SERRFCorrector,12,0.4,1.0,0.0,0.0,0.0,11.731607785583284,35.04614940678509,1.0,19.679643475519555
SERRFCorrector,13,0.4,0.904320987654321,0.1111968119422952,0.0092592592592593,0.0231481480902778,29.633828991566435,49.72421720871276,0.8950617283950617,39.63121784075345
SERRFCorrector,14,0.4,1.0,0.0,0.0030864197530865,0.0077160493634262,21.96400880623528,37.50961038038796,0.9969135802469136,28.42816200644789
SERRFCorrector,15,0.4,0.9969135802469136,0.008729713347982,-0.0030864197530865,-0.0077160493634262,21.60143336332348,35.21021120644651,1.0,30.48030659946083
SERRFCorrector,16,0.4,0.9876543209876544,0.0190259691449659,0.0061728395061728,0.0154320987268519,24.54190073391588,40.240255696569925,0.9814814814814816,35.6406719934226
SERRFCorrector,17,0.4,0.9938271604938272,0.0174594266959641,-0.0061728395061728,-0.0154320987268519,17.589753677452403,34.601232132955964,1.0,23.1023523310738
SERRFCorrector,18,0.4,0.7654320987654322,0.2211048726984236,-0.015432098765432,-0.0385802468171295,44.65429098563267,56.49335023959201,0.7808641975308642,51.931989871637775
SERRFCorrector,19,0.4,0.8487654320987654,0.1283742860684285,0.0925925925925925,0.2314814809027776,56.75367604952702,65.6850391128231,0.7561728395061729,61.38349961491213
SERRFCorrector,20,0.4,0.9969135802469136,0.008729713347982,-0.0030864197530865,-0.0077160493634262,16.390044856534754,36.41307006197188,1.0,23.27253935146643
SERRFCorrector,21,0.4,0.9074074074074076,0.1185763747672749,-0.0030864197530863,-0.0077160493634256,44.38246029692,52.91596421829606,0.910493827160494,57.02746217125432
SERRFCorrector,22,0.4,0.9722222222222222,0.0346449758034624,-0.0061728395061729,-0.0154320987268521,13.72643900340535,40.23588288607449,0.9783950617283952,23.062041349470636
SERRFCorrector,23,0.4,0.8888888888888888,0.1214340467463333,0.0246913580246913,0.0617283949074074,34.21878310904203,55.14639099752306,0.8641975308641975,39.89587676082198
SERRFCorrector,24,0.4,0.9938271604938272,0.0174594266959641,0.0092592592592593,0.0231481480902778,20.69628556712588,37.83901524811335,0.9845679012345678,28.89041707997307
SERRFCorrector,25,0.4,0.9722222222222222,0.0392837100659192,-0.0216049382716049,-0.0540123455439814,28.36882437579759,39.37503340616592,0.9938271604938272,33.99107814630658
SERRFCorrector,26,0.4,0.9783950617283952,0.0449389499338303,-0.0092592592592593,-0.0231481480902778,22.949105166671323,40.30303460383988,0.9876543209876544,36.07572107612504
SERRFCorrector,27,0.4,0.8117283950617284,0.1665523155954573,0.0339506172839506,0.0848765429976852,45.48480933308595,65.14818694131421,0.7777777777777778,59.97262674574255
SERRFCorrector,28,0.4,0.9166666666666666,0.0848625128695525,0.0246913580246912,0.0617283949074071,48.789563303329146,52.95150095461619,0.8919753086419754,56.45687201244765
SERRFCorrector,29,0.4,0.9135802469135804,0.1174462814224719,-0.0030864197530863,-0.0077160493634256,37.03595776064487,49.12559094092976,0.9166666666666666,49.61038194674126
SERRFCorrector,30,0.4,0.6604938271604938,0.1581018330230333,0.0030864197530863,0.0077160493634256,105.17630755163584,124.92443295831504,0.6574074074074074,128.8599398887483
